ID,Sentiment,Date,Retweet_count,Tweet
1.47E+18,positive,Tue Nov 30 00:00:14 +0000 2021,31,RT @HanifahAndini96: Jakarta blm bebas pandemi meski masuk kategori PPKM Level 1. Kondisi Natal n tahun baru 2022 serta penurunan level DKI‚Ä¶
1.47E+18,positive,Tue Nov 30 00:01:39 +0000 2021,0,Status PPKM DKI Jakarta Naik ke Level 2 https://t.co/VHC8wZewEr
1.47E+18,negative,Tue Nov 30 00:01:40 +0000 2021,0,"Org¬≤ kaya lu nih yg bikin ppkm suka diperpanjang. Parno kebodohan pala Lo, liat berapa banyak org yg udah meninggal gara¬≤ nih virus. Kmrin¬≤ bukan perkara sepele njir. Vaksin gak ngejamin lo ga kena, bangga bgt Lo ngomong gini?? https://t.co/3ebS0mDThN https://t.co/YjWYcQhUXY"
1.47E+18,negative,Tue Nov 30 00:01:41 +0000 2021,1549,RT @msaid_didu: Sangat lucu alasan mewajibkan PCR utk hambat mobilisasi. Wajibkan PCR jelas utk : 1) memaksa rakyat membeli produk pengusah‚Ä¶
1.47E+18,positive,Tue Nov 30 00:02:34 +0000 2021,7,"RT @Bisniscom: Kasus Covid-19 Rendah, Ini Alasan Pemerintah Perpanjang PPKM Jawa-Bali sampai 13 Desember https://t.co/8gj27Z9KQe"
1.47E+18,positive,Tue Nov 30 00:03:25 +0000 2021,15,RT @CNNIndonesia: Status PPKM DKI Jakarta Naik ke Level 2 https://t.co/WjEY1pp6rm
1.47E+18,negative,Tue Nov 30 00:04:37 +0000 2021,0,Kita??? Sorry gue mah pake ya. Pake masker udah jadi kebiasaan. Ya pantes aja kalau ppkm di indo ga habis¬≤ wong masyarakatnya aja gini. Gamau pake masker tapi gamau ppkm. Puncak komedi https://t.co/vxpdgSoJHb https://t.co/dRAzUNeF9m
1.47E+18,negative,Tue Nov 30 00:05:28 +0000 2021,0,@cintarenjun Aduhh tapi bau bau ppkm
1.47E+18,positive,Tue Nov 30 00:05:35 +0000 2021,18,RT @kalla_jengking: Wagub DKI Jakarta Ahmad Riza Patria meminta PA 212 mempertimbangkan lagi rencana reuni 212 tersebut meski Jakarta sudah‚Ä¶
1.47E+18,positive,Tue Nov 30 00:05:58 +0000 2021,7,"RT @Bisniscom: Kasus Covid-19 Rendah, Ini Alasan Pemerintah Perpanjang PPKM Jawa-Bali sampai 13 Desember https://t.co/8gj27Z9KQe"
1.47E+18,positive,Tue Nov 30 00:07:18 +0000 2021,31,RT @HanifahAndini96: Jakarta blm bebas pandemi meski masuk kategori PPKM Level 1. Kondisi Natal n tahun baru 2022 serta penurunan level DKI‚Ä¶
1.47E+18,positive,Tue Nov 30 00:07:39 +0000 2021,31,RT @HanifahAndini96: Jakarta blm bebas pandemi meski masuk kategori PPKM Level 1. Kondisi Natal n tahun baru 2022 serta penurunan level DKI‚Ä¶
1.47E+18,positive,Tue Nov 30 00:11:18 +0000 2021,3,"RT @KompasTV: PPKM Jawa-Bali Diperpanjang hingga 14 Desember, 23 Daerah Kembali Level 2 https://t.co/qBcT9Y9Mpk https://t.co/RwSmCcMQLK"
1.47E+18,negative,Tue Nov 30 00:11:21 +0000 2021,0,@darkneces @nandidntsleep @AREAJULID Kita? Daerah lo aja kali. Daerah gw mah tertib wkwk. Lagian ppkm juga tujuannya biar covid ga makin nyebar
1.47E+18,positive,Tue Nov 30 00:11:30 +0000 2021,7,"RT @Bisniscom: Kasus Covid-19 Rendah, Ini Alasan Pemerintah Perpanjang PPKM Jawa-Bali sampai 13 Desember https://t.co/8gj27Z9KQe"
1.47E+18,positive,Tue Nov 30 00:15:37 +0000 2021,38,"RT @3CareIndonesia: Seneng banget deh tau kalo PPKM semakin turun levelnya, jadi merasa lebih tenang dan aman kalo beraktivitas di luar bua‚Ä¶"
1.47E+18,positive,Tue Nov 30 00:24:10 +0000 2021,0,"Awal tahun:  üôãüèª‚Äç‚ôÄÔ∏è: konsep nikah kamu kek gmn win? üíÅüèª‚Äç‚ôÄÔ∏è: aku pengen yg sederhana aja, gausah gede-gedean, yg diundang orang-orang terdekat.  Akhir tahun:  Beneran emang dianjurinnya utk yg sederhana aja krn si ppkm comeback ditanggal yg ditentukan. Beneran didukung sama semesta nihüòÇ https://t.co/Oy7vXRmLiF"
1.47E+18,negative,Tue Nov 30 00:26:13 +0000 2021,0,"Hubungannya adalah ketika pemerintah terlalu keras mengumumkan bahwa kita dalam keadaan genting dan akan segera memberlakukan kebijakan PPKM super ketat. Para pengusaha dan pelaku bisnis akan semakin tercekik. Dampaknya? Kegiatan ekonomi bakal menemukan ""shock"" nya."
1.47E+18,positive,Tue Nov 30 00:26:17 +0000 2021,1,"@Dindin30_ @JJ_Zenal Kalo pemerintah bilang ada varian baru covid, ya ada varian baru. Pemerintah bilang ppkm, ya ppkm. Pemerintah bilang A sampe Z Rakyat harus terima..  Sungguh membagongkan...."
1.47E+18,positive,Tue Nov 30 00:44:28 +0000 2021,38,"RT @3CareIndonesia: Seneng banget deh tau kalo PPKM semakin turun levelnya, jadi merasa lebih tenang dan aman kalo beraktivitas di luar bua‚Ä¶"
1.47E+18,positive,Tue Nov 30 01:10:03 +0000 2021,38,"RT @3CareIndonesia: Seneng banget deh tau kalo PPKM semakin turun levelnya, jadi merasa lebih tenang dan aman kalo beraktivitas di luar bua‚Ä¶"
1.47E+18,positive,Tue Nov 30 01:46:47 +0000 2021,38,"RT @3CareIndonesia: Seneng banget deh tau kalo PPKM semakin turun levelnya, jadi merasa lebih tenang dan aman kalo beraktivitas di luar bua‚Ä¶"
1.47E+18,positive,Tue Nov 30 01:56:31 +0000 2021,0,Muktamar Ke-34 NU diundur agar pelaksanaannya nanti bisa lebih optimal dan mendukung pemerintah dalam penerapan PPKM level 3 demi keselamatan bersama #kiaisaid #buyasaid #saidaqil #ketumPBNU #MuktamarNU34  #MuktamarNU2021 #PBNU #Nahdlatululama https://t.co/pkty1I9un2
1.47E+18,positive,Tue Nov 30 02:01:09 +0000 2021,0,Kampanye keselamatan prokes dengan pembagian masker kepada pengguna jalan di Jalan Otista dalam rangka PPKM lvl 2 di Kab.Subang https://t.co/IfXjV85FYs
1.47E+18,positive,Tue Nov 30 02:13:25 +0000 2021,0,Kampanye keselamatan prokes dengan pembagian masker kepada pengguna jalan di Jalan Otista dalam rangka PPKM lvl 2 di Kab.Subang https://t.co/LvpMfenVLL
1.47E+18,positive,Tue Nov 30 02:14:29 +0000 2021,3,Kampanye keselamatan prokes dengan pembagian masker kepada pengguna jalan di Jalan Otista dalam rangka PPKM lvl 2 di Kab.Subang https://t.co/O51LK4RJci
1.47E+18,positive,Tue Nov 30 02:14:58 +0000 2021,2,Kampanye keselamatan prokes dengan pembagian masker kepada pengguna jalan di Jalan Otista dalam rangka PPKM lvl 2 di Kab.Subang https://t.co/F77renZXqm
1.47E+18,positive,Tue Nov 30 02:15:33 +0000 2021,3,RT @dikyasapolress2: Kampanye keselamatan prokes dengan pembagian masker kepada pengguna jalan di Jalan Otista dalam rangka PPKM lvl 2 di K‚Ä¶
1.47E+18,positive,Tue Nov 30 02:15:51 +0000 2021,0,Kampanye keselamatan prokes dengan pembagian masker kepada pengguna jalan di Jalan Otista dalam rangka PPKM lvl 2 di Kab.Subang https://t.co/OrmbY7PvKP
1.47E+18,positive,Tue Nov 30 02:16:01 +0000 2021,2,RT @dikyasapolress2: Kampanye keselamatan prokes dengan pembagian masker kepada pengguna jalan di Jalan Otista dalam rangka PPKM lvl 2 di K‚Ä¶
1.47E+18,positive,Tue Nov 30 02:17:07 +0000 2021,3,RT @dikyasapolress2: Kampanye keselamatan prokes dengan pembagian masker kepada pengguna jalan di Jalan Otista dalam rangka PPKM lvl 2 di K‚Ä¶
1.47E+18,positive,Tue Nov 30 02:17:34 +0000 2021,0,Giat kampanye keselamatan tertib berlalu lintas dengan pembagian paket mainan kepada anak yang di bonceng sepeda motor dengan menggunakan helm di Jalan Otista dalam rangka PPKM lvl 2 di Kab.Subang https://t.co/LJjS7WspfD
1.47E+18,positive,Tue Nov 30 02:18:15 +0000 2021,0,Giat kampanye keselamatan tertib berlalu lintas dengan pembagian paket mainan kepada anak yang di bonceng sepeda motor dengan menggunakan helm di Jalan Otista dalam rangka PPKM lvl 2 di Kab.Subang https://t.co/E4jsh2vt2K
1.47E+18,positive,Tue Nov 30 02:19:01 +0000 2021,0,Giat kampanye keselamatan prokes dengan pembagian masker kepada pengguna jalan di Jalan Otista dalam rangka PPKM lvl 2 di Kab.Subang https://t.co/T0gFKpuVCt
1.47E+18,positive,Tue Nov 30 02:19:23 +0000 2021,0,Giat kampanye keselamatan prokes dengan pembagian masker kepada pengguna jalan di Jalan Otista dalam rangka PPKM lvl 2 di Kab.Subang https://t.co/9JrX226FgE
1.47E+18,positive,Tue Nov 30 02:19:47 +0000 2021,1,Giat kampanye keselamatan prokes dengan pembagian masker kepada pengguna jalan di Jalan Otista dalam rangka PPKM lvl 2 di Kab.Subang https://t.co/idAQqBnd5u
1.47E+18,positive,Tue Nov 30 02:20:41 +0000 2021,0,Giat kampanye keselamatan prokes dengan pembagian masker kepada masyarakat di alun-alun kota Subang dalam rangka PPKM lvl 2 di Kab.Subang https://t.co/x6M5S12Lka
1.47E+18,positive,Tue Nov 30 02:20:49 +0000 2021,1,RT @dikyasapolress2: Giat kampanye keselamatan prokes dengan pembagian masker kepada pengguna jalan di Jalan Otista dalam rangka PPKM lvl 2‚Ä¶
1.47E+18,positive,Tue Nov 30 02:21:06 +0000 2021,0,Giat kampanye keselamatan prokes dengan pembagian masker kepada masyarakat di alun-alun kota Subang dalam rangka PPKM lvl 2 di Kab.Subang https://t.co/3WJdPsrf0Q
1.47E+18,positive,Tue Nov 30 02:21:28 +0000 2021,0,Giat kampanye keselamatan prokes dengan pembagian masker kepada masyarakat di alun-alun kota Subang dalam rangka PPKM lvl 2 di Kab.Subang https://t.co/qEbkdD5Ud4
1.47E+18,positive,Tue Nov 30 03:08:46 +0000 2021,0,Reposted from @kamsel_polressubang Giat kampanye keselamatan tertib berlalu lintas dengan pembagian paket mainan kepada anak yang di bonceng sepeda motor dengan menggunakan helm di Jalan Otista dalam rangka PPKM lvl 2 di Kab.Subang https://t.co/Z4eiQ4rOzY
1.47E+18,positive,Tue Nov 30 03:09:44 +0000 2021,0,Reposted from @kamsel_polressubang Giat kampanye keselamatan tertib berlalu lintas dengan pembagian paket mainan kepada anak yang di bonceng sepeda motor dengan menggunakan helm di Jalan Otista dalam rangka PPKM lvl 2 di Kab.Subang https://t.co/y5Zr1U0NhW
1.47E+18,negative,Tue Nov 30 03:42:53 +0000 2021,0,"@greyyyfox Ya kalo masnya sampe nginget-nginget ginian karena pekerjaan masnya bersangkutan banget sama ppkm kan ya. Kalo aku nggak, udah lupa ppkm itu apa, level berapa, kenapa bisa pada level tertentu:') kek yang... Bye ppkm kimchil"
1.47E+18,positive,Tue Nov 30 03:52:26 +0000 2021,1,Unit KAMSEL SatLantas PolresTro Depok melaksanakan Sosialisasi Keselamatan Berlalulintas &amp; rencana Uji Coba Pemberlakuan GAGE dalam rangka PPKM Covid-19 &amp; pengendalian kemacetan lalulintas di Jln.Margonda Raya Depok. @TMCPoldaMetro @NTMCLantasPolri @SosmedNtmc @DivHumas_Polri https://t.co/72kvvE1hWf
1.47E+18,positive,Tue Nov 30 04:04:23 +0000 2021,0,Himbauan kepada Masyarakat Kota Pematangsiantar dalam pemberlakuan PPKM Level 3 Saat Libur Natal &amp; Tahun Baru Mulai 20 Desember 2021 untuk Bersama-sama kita Dukung Dan Patuhi Patuhi Protokol Kesehatan guna menekan &amp; memutus penyebaran COVID-19.  #polricegahcorona #polripresisi https://t.co/bUJeh8Y4Pg
1.47E+18,positive,Tue Nov 30 04:07:33 +0000 2021,1,RT @restrodepok: Unit KAMSEL SatLantas PolresTro Depok melaksanakan Sosialisasi Keselamatan Berlalulintas &amp; rencana Uji Coba Pemberlakuan G‚Ä¶
1.47E+18,negative,Tue Nov 30 04:14:35 +0000 2021,0,"PLS SOMEONE TELL ME, NO WAY HOME BAKAL BENERAN TAYANG DI BIOSKOP KAN YAA, ovt mulu dari kemaren sejak denger bkal ad ppkm lvl tiga. Gw di rumah doang diem, sampe nabung bwat nonton nwh tp klo kgk jadi ggra orang orang rese yg nggak ikutin prokes, pengen gw sentil ginjalnya anjr"
1.47E+18,negative,Tue Nov 30 05:11:05 +0000 2021,0,@20_20wid Apalagi wktu ppkm kemaren nggak kerja ya nggak pernah sisiran juga üò≠
1.47E+18,positive,Tue Nov 30 05:14:53 +0000 2021,0,dukung program PPKM dan Vaksinasi https://t.co/Kqowl6i5Wp
1.47E+18,negative,Tue Nov 30 05:37:09 +0000 2021,0,"@PapppKim jngn kesel mas entar resekinya menjauh, mas yg sbar dan berdoa smoga ngk berlaku ppkm lagi aamiin"
1.47E+18,negative,Tue Nov 30 05:42:45 +0000 2021,0,"Etapi proses resign ini juga nggak mudah: kudu siap tabungan dan cari-cari pijakan baru sebelum tenggat waktu berakhir. Dan proses rekrutmen kerja bisa lama, apalagi pasca PPKM lagi pemulihan ekonomi.  Jadilah ngelamar di 32 posisi dan 22 tempat kerja."
1.47E+18,positive,Tue Nov 30 05:42:59 +0000 2021,0,Dukung dan sukses PPKM serta vaksinasi Covid-19 https://t.co/HuOHTDjSOw
1.47E+18,positive,Tue Nov 30 05:56:54 +0000 2021,0,Tapi ga apa bagus bisa ngerasain ibadah natal sebelum ppkm
1.47E+18,positive,Tue Nov 30 06:49:07 +0000 2021,0,Kapolres Pematangsiantar Ajak Masyarakat Dukung Implementasi PPKM Level III Saat Nataru https://t.co/RpqXKSON0D
1.47E+18,positive,Tue Nov 30 06:59:27 +0000 2021,0,"Jelang Nataru, Kapolres Siantar Ajak Masyarakat Dukung PPKM Level III https://t.co/mhq5sTYpxi"
1.47E+18,positive,Tue Nov 30 07:41:44 +0000 2021,1,RT @heydiko: Perlu dicatat guys: PPKM kali ini pemerintah nggak melakukan penyekatan atau larangan pergi. Kita sendirilah yang harus aware‚Ä¶
1.47E+18,positive,Tue Nov 30 08:06:23 +0000 2021,0,@NuFlashNews Salah satu sikap ke 27 PWNU tsb adlh mendukung PPKM level tiga.   Yahya Cholil Staquf
1.47E+18,positive,Tue Nov 30 08:25:47 +0000 2021,0,"Mendukung langkah Pemerintah dalam mencegah penyebaran COVID-19 dan setelah diberlakukannya PPKM level 3, Federasi Futsal Indonesia (FFI) secara resmi menunda kick off Liga Futsal Profesional (LFP) 2021 dari 11 Desember 2021 ke 8 Januari 2022. #ffi29112021 #futsal #indonesia https://t.co/fjRreeIkKn"
1.47E+18,negative,Tue Nov 30 08:50:24 +0000 2021,0,"baru seneng gaji normal sebulan, eh ppkm lagi emg ngehe"
1.47E+18,positive,Tue Nov 30 08:54:52 +0000 2021,0,Anggota Komisi IX DPR RI Rahmad Handoyo mendukung pemerintah yang akan menerapkan pemberlakuan pembatasan kegiatan masyarakat atau PPKM Level III di seluruh daerah di Indonesia dalam menyambut libur Natal dan Tahun Baru (Nataru) https://t.co/zNcV2MUmFF
1.47E+18,negative,Tue Nov 30 10:08:44 +0000 2021,0,"@JNB_Juliana ppkm mbak, percuma ambil cuti tapi gak bisa jalan-jalan, tempat-tempat wisata pd tutup kalau enggak pasti ramai"
1.47E+18,positive,Tue Nov 30 10:45:52 +0000 2021,0,"@Prambors Hampir tiap hari nongki sm tmn2 gw melepas lelah n penat setelah seharian kerja. Bukan ppkm yg menghalangi kami buat nongki,tp krn gw akhirnya pindah kerja jd nggak pernah nongki lg sm mereka. miss u guysüò¢ #janganditiruya"
1.47E+18,positive,Tue Nov 30 11:01:11 +0000 2021,1,"Aku setuju dgn ada PPKM desember nanti, tp klo libur semester ditiadakan or maybe dipangkas atau digeser segala macem, big NO sih. Bkn mau liburan, jalan2.. Tp anak2 sm guru jg butuh waktu buat ISTIRAHAT!! Gak mikirin daring, gak mikirin pelajaran. Mau rebahan aja dah beneran üòë"
1.47E+18,positive,Tue Nov 30 11:07:03 +0000 2021,0,Bagaimana UKM dapat bertahan di tengah tantangan masa PPKM level 3? XL Axiata Business Solutions telah merangkumnya untuk Anda!  #XLAxiataBusinessSolutions #WeHelpYouGrow #BerinovasiBersama #BIZOnDapatGopay #UKMIndonesia #DukungUKM https://t.co/UXS7TWb5EH
1.47E+18,negative,Tue Nov 30 11:38:13 +0000 2021,1,"Siapa yang mentungi rakyat DKI di masa PPKM..Siapa yang ngerjain itu? Satpol PP &amp; itu perintah gubernur.  Nah trus sekarang mau dukung-dukung Anies, untuk apa ? jangan karena dia Arab Islam lalu kamu buta.   Umat Islam bodoh asal-asal dukung Menurut Eggi..üòÇ"
1.47E+18,positive,Tue Nov 30 14:08:55 +0000 2021,0,"@_ekokuntadhi Kalo terbukti melanggar PPKM harus ditindak tegas, Kami Rakyat Asli Indonesia bukan keturunan Arab Yaman Mendukung #bubarkan212  Demi #NKRIHargaMati"
1.47E+18,negative,Tue Nov 30 15:20:14 +0000 2021,1,"@schfess anak sekolah juga capek abis PAS butuh istirahat gua ga setuju banget kalau mau liburin tapi bersyarat adain semacam ppkm lagi, semua tempat wisata/mall di tutup ga adil juga buat umat kristiani aduh bikin emosi aja"
1.47E+18,positive,Tue Nov 30 15:35:54 +0000 2021,0,"Kalo urusan acara yang lagi di handle, juga seneng karena PPKM kembali level 2. Jam 9 tempat acara harus tutup. Pulang cepat, hahaha."
1.47E+18,negative,Tue Nov 30 17:50:03 +0000 2021,0,nggak ada halo December  yang ada halo ppkm lagi kayanya fuck lah
1.47E+18,positive,Tue Nov 30 18:00:18 +0000 2021,0,Wabup Gowa Dukung Kebijakan Perpanjang PPKM Mikro 14 Hari¬†Kedepan https://t.co/awiW1dH6QM
1.47E+18,positive,Tue Nov 30 22:27:19 +0000 2021,0,"@__AnakKolong @muispebrianto Makanya baca beritanya yang bener. Bukan esensi 212 yang tidak disetujui, tapi karena Bogor masih PPKM level 3 dasar oon. Itu karena prokes.... gak boleh berkerumun. Kalau ente ente karena takut gerakan 212 nya. Dasar ngahok Pe'a"
1.47E+18,negative,Wed Dec 01 00:18:15 +0000 2021,0,Kesel sama ppkm nanti üòí
1.47E+18,negative,Wed Dec 01 00:48:27 +0000 2021,0,"gila Jakarta dah ppkm lvl 2 lagi aja :)  wish Desember, banjir ga menyebar dan lekas surut aamiin"
1.47E+18,positive,Wed Dec 01 00:57:49 +0000 2021,33,"RT @KemenkeuRI: Pemulihan ekonomi nasional terlihat, beberapa daerah telah masuk PPKM level 1-2.  Tidak lain krn dukungan masyarakat &amp; APBN‚Ä¶"
1.47E+18,positive,Wed Dec 01 01:01:45 +0000 2021,0,"Semua pihak harus dukung target PPKM level 1, karena akan menguntungkan semuanya. Ayo kejar terget!   https://t.co/u2njb5QRA8"
1.47E+18,positive,Wed Dec 01 01:13:01 +0000 2021,0,Wartawan Pemprov Sumut Ajak Masyarakat Dukung PPKM Level III  #wartawan #pemprov #sumut #ajak #masyarakat #dukung #ppkm #level #iii #ppkm https://t.co/Ce8F8AgMY0
1.47E+18,positive,Wed Dec 01 01:19:00 +0000 2021,0,"setuju bgt sih ppkm buat bulan ini jdi semua hotelnya murah, jdi ga sia"" libur dr tgl 20 ü§™"
1.47E+18,positive,Wed Dec 01 01:45:36 +0000 2021,0,Giat kampanye keselamatan prokes dengan pembagian masker kepada pengguna jalan di Jalan Otista Simpang Sinta dalam rangka PPKM lvl 2 di Kab.Subang https://t.co/W6OoCVxCYf
1.47E+18,positive,Wed Dec 01 01:49:05 +0000 2021,0,Giat kampanye keselamatan prokes dengan pembagian masker kepada pengguna jalan di Jalan Otista Simpang Sinta dalam rangka PPKM lvl 2 di Kab.Subang https://t.co/fPLDGydOF4
1.47E+18,positive,Wed Dec 01 01:50:25 +0000 2021,0,Giat kampanye keselamatan prokes dengan pembagian masker kepada pengguna jalan di Jalan Otista Simpang Sinta dalam rangka PPKM lvl 2 di Kab.Subang https://t.co/99XXsacSXH
1.47E+18,positive,Wed Dec 01 01:53:01 +0000 2021,0,Giat kampanye keselamatan prokes dengan pembagian masker kepada pengguna jalan di Jalan Otista Simpang Sinta dalam rangka PPKM lvl 2 di Kab.Subang https://t.co/XslxoeowCJ
1.47E+18,positive,Wed Dec 01 01:54:02 +0000 2021,0,Giat kampanye keselamatan prokes dengan pembagian masker kepada pengguna jalan di Jalan Otista Simpang Sinta dalam rangka PPKM lvl 2 di Kab.Subang https://t.co/DZ4rR19Dqd
1.47E+18,positive,Wed Dec 01 01:57:26 +0000 2021,33,"RT @KemenkeuRI: Pemulihan ekonomi nasional terlihat, beberapa daerah telah masuk PPKM level 1-2.  Tidak lain krn dukungan masyarakat &amp; APBN‚Ä¶"
1.47E+18,negative,Wed Dec 01 01:59:42 +0000 2021,0,"@schfess krng setuju tntng peraturan ini. y serasa g mnghargai para umat kristiani aplgi ini hari raya. kita umat muslim kok minta dihargai melulu  cba dibalik situasiny, klo hari raya idul fitri diginiin, gmn :/  mnding pmberlakuan ppkm kek sblmnya, mereka juga butuh kumpul brng keluarga"
1.47E+18,positive,Wed Dec 01 02:04:59 +0000 2021,0,Kampanye keselamatan berlalu lintas dengan giat pembagian Paket snack gratis kepada anak Yang menggunakan helm saat dibonceng sepeda motor di Jalan Otista dalam rangka PPKM level 2 di  Kab.Subang https://t.co/rP3rxD3l6E
1.47E+18,positive,Wed Dec 01 02:05:27 +0000 2021,0,Kampanye keselamatan berlalu lintas dengan giat pembagian Paket snack gratis kepada anak Yang menggunakan helm saat dibonceng sepeda motor di Jalan Otista dalam rangka PPKM level 2 di  Kab.Subang https://t.co/n3pI648p2I
1.47E+18,positive,Wed Dec 01 02:05:58 +0000 2021,0,Kampanye keselamatan berlalu lintas dengan giat pembagian Paket snack gratis kepada anak Yang menggunakan helm saat dibonceng sepeda motor di Jalan Otista dalam rangka PPKM level 2 di  Kab.Subang https://t.co/yJR1tSH9y2
1.47E+18,positive,Wed Dec 01 02:06:34 +0000 2021,0,Kampanye keselamatan berlalu lintas dengan giat pembagian Paket snack gratis kepada anak Yang menggunakan helm saat dibonceng sepeda motor di Jalan Otista dalam rangka PPKM level 2 di  Kab.Subang https://t.co/XHlvxUnsRP
1.47E+18,positive,Wed Dec 01 02:07:16 +0000 2021,0,Kampanye keselamatan berlalu lintas dengan giat pembagian Paket snack gratis kepada anak Yang menggunakan helm saat dibonceng sepeda motor di Jalan Otista dalam rangka PPKM level 2 di  Kab.Subang https://t.co/vugFjcicaJ
1.47E+18,positive,Wed Dec 01 02:08:03 +0000 2021,0,Kampanye keselamatan berlalu lintas dengan giat pembagian Paket snack gratis kepada anak Yang menggunakan helm saat dibonceng sepeda motor di Jalan Otista dalam rangka PPKM level 2 di  Kab.Subang https://t.co/ryjKV79TNK
1.47E+18,positive,Wed Dec 01 02:08:38 +0000 2021,0,Kampanye keselamatan berlalu lintas dengan giat pembagian Paket snack gratis kepada anak Yang menggunakan helm saat dibonceng sepeda motor di Jalan Otista dalam rangka PPKM level 2 di  Kab.Subang https://t.co/f5tqSK59Ca
1.47E+18,positive,Wed Dec 01 02:27:19 +0000 2021,1,@hardrockfmbali @wulwulan @MIKAAFFANDY Setuju soalna PPKM penting untuk mencegah lebih banyak timbul KASUS BARU karena virus covid19 akan selalu ada di luar sana serta vaksinasi TIDAK MENJAMIN 100% orang tidak akan terkena virus üôèüôèüôè
1.47E+18,positive,Wed Dec 01 02:27:49 +0000 2021,0,"Mendukung langkah Pemerintah dalam mencegah penyebaran COVID-19 dan setelah diberlakukannya PPKM level 3, Federasi Futsal Indonesia (FFI) secara resmi menunda kick off Liga Futsal Profesional (LFP) 2021 dari 11 Desember 2021 ke 8 Januari 2022. #ffi29112021 #futsal #indonesia https://t.co/qTQDzz6Wez"
1.47E+18,negative,Wed Dec 01 02:32:10 +0000 2021,0,"Nekat dan nantang polisi /negara. Melanggar PPKM, membahayakan kesehatan dan keselamata  rakyat. @ListyoSigitP @mohmahfudmd @jokowi https://t.co/qUtx7Iy4PX"
1.47E+18,positive,Wed Dec 01 02:33:14 +0000 2021,1,RT @maderiawan: @hardrockfmbali @wulwulan @MIKAAFFANDY Setuju soalna PPKM penting untuk mencegah lebih banyak timbul KASUS BARU karena viru‚Ä¶
1.47E+18,negative,Wed Dec 01 02:39:38 +0000 2021,0,micyeoseo???? gila aja gw ga dikasih libur penat anjr ptm butuh refreshing nih mana abis itu ad ppkm pemerintah lama2 gajelas ü§ß https://t.co/hN1geVTjRm
1.47E+18,negative,Wed Dec 01 03:39:53 +0000 2021,0,"Welcome December, karena akhir tahun PPKM musisi kagak gajian jadinya ya nggak bisa manggung, yagitudeh. Teman2 bisa membeli album2 musik saya di @karyakarsa_id , beri dukungan berupa tip agar saya bisa terus berkarya.  Thanks ya, silahkan meluncur ke :  https://t.co/jj4bciqzMz"
1.47E+18,negative,Wed Dec 01 03:48:06 +0000 2021,0,"gila apa, gue h-1 lebaran kelas aja misuh misuh gimana ini  mana anak sekolah juga baru kelas uas, mending tetep libur tapi ppkm. libur ga melulu keluar rumah etdah  elus dada gue https://t.co/xnen3DJ1EN"
1.47E+18,negative,Wed Dec 01 03:59:53 +0000 2021,49,"Biaya rawat pasien melonjak sangat tinggi, dari Rp 63,61 T menjadi Rp 96,86 T, akselerasi vaksin Rp 47,6 T, dan pelaksanaan PPKM di Daerah. Selain itu, utk penguatan Bansos, subsidi upah, dan dukungan tunai utk pelaku UMKM yg terpukul karena PPKM Level 4."
1.47E+18,negative,Wed Dec 01 04:47:26 +0000 2021,0,@jaya_pancasila @DivHumas_Polri Paling juga dibubarin aparat emang nggak ngerti PPKM tah
1.47E+18,positive,Wed Dec 01 05:04:15 +0000 2021,0,"Mendukung langkah Pemerintah dalam mencegah penyebaran COVID-19 dan setelah diberlakukannya PPKM level 3, Federasi Futsal Indonesia (FFI) secara resmi menunda kick off Liga Futsal Profesional (LFP) 2021 dari 11 Desember 2021 ke 8 Januari 2022. #ffi29112021 #futsal #indonesia https://t.co/JhJoF3YAmo"
1.47E+18,negative,Wed Dec 01 05:57:09 +0000 2021,4458,"RT @TarizSolis: ~ Rekomendasi film pendek di YouTube ~   Siapa tahu ada yang butuh tontonan biar nggak jenuh &amp; stres selama PPKM darurat, i‚Ä¶"
1.47E+18,negative,Wed Dec 01 06:15:40 +0000 2021,0,"@schfess apalg bagi kami yang baru saja menyelesaikan ujian PAS. kami juga butuh libur pak, meski hanya online dsb seenggaknya libur nataru itu setahun sekali dan momen yang paling ditunggu. sumpah ngga apa2 ppkm, ga mudik, dll tapi ijinkan kami tetap makan bareng, masak bareng, bakaran"
1.47E+18,negative,Wed Dec 01 06:58:01 +0000 2021,0,@panggilakuDWL Wkwkk ppkm berlaku nehh o mbaa
1.47E+18,positive,Wed Dec 01 06:58:35 +0000 2021,0,"@OrangM3rd3ka Woiii.. Muka bodoh, lu kan yg bilang kebijakan salah dari pemerintah. Makanya gue tanya sama lu, vaksinasi, PPKM, PSBB dan Prokes itu berhasil atau salah..?? Jawab aja itu. Paham.  üòÅüòÅüòÅ"
1.47E+18,negative,Wed Dec 01 07:00:40 +0000 2021,0,"@drpriono1 @DKIJakarta He..he.. kemarin rencana ppkm level 3 gak setuju, skg oke aja level 2.. Intinya manusia kalo gak dibatasin pasti semaunya pak.. Liatlag diluaran, ibu2 arisan sudab liburan kemana mana, anak sekolah studytour dll"
1.47E+18,negative,Wed Dec 01 07:05:17 +0000 2021,0,"@schfess Gila sihh kalo sampe gaada liburr,itu kan emang waktunya rest ya.i mean kan ga semua libur itu keluar rumahh,ppkm ya ppkm aja libur kan bisa buat istirahat di rumah ajaü•≤"
1.47E+18,positive,Wed Dec 01 07:14:16 +0000 2021,0,Inilah Pekerjaan Setan malah oknum senang ppkm sedangkan orang menjadi tambah susah..Oknum tdk dipikirin bencana  alami karena uangnya tdk ada tapi mereka akan kena karma  https://t.co/AhrxguYFPt
1.47E+18,positive,Wed Dec 01 07:22:55 +0000 2021,0,Giat kampanye keselamatan prokes dengan pembagian masker kepada masyarakat di terminal transit angkot Jalan cagak dalam rangka PPKM lvl 2 di Kab.Subang https://t.co/l0q6HuPSVF
1.47E+18,positive,Wed Dec 01 07:23:14 +0000 2021,0,Giat kampanye keselamatan prokes dengan pembagian masker kepada masyarakat di terminal transit angkot Jalan cagak dalam rangka PPKM lvl 2 di Kab.Subang https://t.co/AKpwBb2hlx
1.47E+18,positive,Wed Dec 01 07:24:25 +0000 2021,0,Giat kampanye keselamatan tertib berlalu lintas dengan dengan penempelan stiker di Terminal Transit angkot Jalan cagak dalam rangka PPKM lvl 2 di Kab.Subang https://t.co/GGTm1VOYGi
1.47E+18,positive,Wed Dec 01 07:31:01 +0000 2021,0,Giat kampanye keselamatan prokes dengan pembagian masker kepada opang di pangkalan ojek pangkalan lempar Cijambe dalam rangka PPKM lvl 2 di Kab.Subang https://t.co/bqTK8gAVPP
1.47E+18,positive,Wed Dec 01 07:31:56 +0000 2021,0,Giat kampanye keselamatan tertib berlalu lintas dengan penempelan stiker di pangkalan ojek pangkalan lempar Cijambe dalam rangka PPKM lvl 2 di Kab.Subang https://t.co/Qw4bdwWpHL
1.47E+18,positive,Wed Dec 01 09:14:04 +0000 2021,0,@carolusbagus @ArisRiiss @bayiviv @___w23___ itu juga ditunda gara2 PPKM naik level tah?  culek mas @FahMohRiz
1.47E+18,negative,Wed Dec 01 09:42:52 +0000 2021,0,"YANG PENTING JANGAN PPKM DONG, please banget gua udah mau gila :( https://t.co/gX0mBpOeCj"
1.47E+18,positive,Wed Dec 01 10:13:36 +0000 2021,22,"Menjaga pertahanan kgak hanya saat ada gangguan dr luar, tapi dr brbagai situasi dlm negeri jg Misalnya situasi pandemi, sistem pertahanan dlm pemulihan stabilitas ekonomi Indonesia bisa berhasil berkat kerjasama dan dukungan TNI-Polri trutama saat PPKM &amp; vaksinasi  Tim Hebat üëá https://t.co/JJdCl0HcSG"
1.47E+18,negative,Wed Dec 01 10:15:09 +0000 2021,3,"Demo ini digelar hari Senin 13 September 2021 saat Jakarta berstatus PPKM Level 3.  Aman2 saja tuh‚ÄºÔ∏è  Tolak Formula E 2022, Sejumlah Orang Demo Dukung Hak Interpelasi di Gedung DPRD DKI  https://t.co/O7BikvWacN  Kenapa AKSI212 Dipermasalahkan ‚ÅâÔ∏è https://t.co/IReGvcE0FF"
1.47E+18,negative,Wed Dec 01 10:26:15 +0000 2021,0,Klo dipikir¬≤ w kuat juga y gak hang out bareng temen selama ppkm jadi sejak Juli? Gila WKWKWK ya gmn giliran ngajakin mendadak woy niat ngajak apa kagak dah w jg punya kesibukan
1.47E+18,positive,Wed Dec 01 10:34:49 +0000 2021,0,Ngacung deh yg seneng ada ppkm lagi. Biar bisa WFH
1.47E+18,negative,Wed Dec 01 10:49:32 +0000 2021,0,"Sy tau anda pro bgt ttg politik,vaksin,PL,PPKM,etc tp kl mau debat gak usah ngajak sy yg bodoh ini, percuma! Sy udah blg 'gak paham' lho, eehh anda masih ngotot maksain teori anda masuk ke otak sy yg kecil ini, sumpek tau!! Anda mau sy ajari cara tepok tangan in tempo? Gak kan?"
1.47E+18,negative,Wed Dec 01 11:09:38 +0000 2021,0,Semoga nggak kena ppkm lv 3 dah bjb
1.47E+18,negative,Wed Dec 01 11:10:12 +0000 2021,0,@AdalardBanim @urakanproject @hallosinyo @idextratime Konteks utamanya adalah aturan membatasi pemanngilan pemain tiap klubl!! Kalo dari awal gak ada aturan itu mau itu nantinya ada ppkm atau kagak gak bakalan ngeganggu proses yang ada.
1.47E+18,negative,Wed Dec 01 11:18:19 +0000 2021,0,@tolONGjgnGila Iya kan katanya ppkm yaa tapi kan mall tutup nanti ü§ß
1.47E+18,negative,Wed Dec 01 11:47:54 +0000 2021,2,dan membantu UMKM akibat mereka tidak dapat bekerja dengan penerapan PPKM level 4.   3) anggaran untuk pimpinan MPR dan kegiatan tetap didukung sesuai mekanisme APBN.
1.47E+18,negative,Wed Dec 01 12:01:01 +0000 2021,0,@bagussuperr Ppkm muluü•¥
1.47E+18,negative,Wed Dec 01 12:20:24 +0000 2021,0,@IzMe1415 Huhuhu ya iyaaa sih kak. Btw untuk ke jakarta masih dalam plan. Aku kan nunggu debsi kak. Terus semoga ini korona gak menggila. PPKM bikin kzl sih
1.47E+18,negative,Wed Dec 01 12:27:45 +0000 2021,0,@Marvfess Takut.. mana katanya abis ujian bakal ppkm.. takut mallnya nggak buka..
1.47E+18,positive,Wed Dec 01 12:50:43 +0000 2021,0,"Desember ini tahun keduaku harus natal dan tahun baru jauh dari keluarga lagi. Kebijakan pemerintah berlakuin ppkm saat nataru bagus, tp kasihan anak rantau kek kami lagi lagi gabisa mudikü•≤"
1.47E+18,negative,Wed Dec 01 12:54:50 +0000 2021,0,"@OmDickyajah @SahabatSaber Biaya rawat pasien melonjak sangat tinggi, dari Rp 63,61 T menjadi Rp 96,86 T, akselerasi vaksin Rp 47,6 T, dan pelaksanaan PPKM di Daerah. Selain itu, utk penguatan Bansos, subsidi upah, dan dukungan tunai utk pelaku UMKM yg terpukul karena PPKM Level 4."
1.47E+18,negative,Wed Dec 01 13:05:15 +0000 2021,0,"@schfess HAHA DRPD KESEL SEKOLAH DEMO AJA BRG2  Mampus tu aturan ppkm ppkm kmpret, libur diapus seenak jidat"
1.47E+18,positive,Wed Dec 01 13:45:03 +0000 2021,0,[1 Desember 2021] BMI Provinsi Lampung bersinergi bersama POLRI dengan  mendukung kebijakan pemerintah dalam rangka penerapan PPKM Level 3.  @pdiperjuangan  #PDIPerjuangan #PDIPerjuanganLampung #SolidBergerak https://t.co/baCHmHR4I4
1.47E+18,positive,Wed Dec 01 14:13:20 +0000 2021,0,"Aku mendukung kalo pemerintah mau buat pengetatan dari sekarang, ppkm lagi gak papa asal gak collapse lagi kayak gelombang 2..  terlalu banyak cerita menyedihkan :( Yuk jaga diri sama-sama dari sekarang üíú https://t.co/UgcHJAZW6K"
1.47E+18,negative,Wed Dec 01 14:29:26 +0000 2021,0,"@Ararara2916 Sedih campur kesel banget gk si liatnyaüò≠ Gmn gk mau ppkm, itu aja takenya pisah üò≠"
1.47E+18,negative,Wed Dec 01 14:40:13 +0000 2021,0,@_cocaine05 @handokotjung Covid tipe Omicron masuk Indonesia. PPKM naik lagi. Jalanan udah nggak macet lagi. Mall dibatasi lagi
1.47E+18,negative,Wed Dec 01 16:21:48 +0000 2021,0,Hah? Gila mau ada third wave kah? Ini omricon lebih cepat lho mutasinya?   Ya tapi kalo balik lagi PPKM level 4 sih oe bisalah skip Mabar setelah RKA https://t.co/mFdToMOQlp
1.47E+18,negative,Wed Dec 01 16:36:51 +0000 2021,3045,RT @andihiyat: PPKM level 4 PPKM level pedes gila PPKM level pedes mampus
1.47E+18,negative,Wed Dec 01 22:44:36 +0000 2021,0,"Sumpah kesel banget padahal kalo gamau banyak yang keluar mah jadiin ppkm kek dulu aja napasih, kalo tetep disekolahin atau diundur gt kan banyak yang ngelanggar üòíüòíüòíüòí https://t.co/v361PZUEWE"
1.47E+18,negative,Wed Dec 01 22:58:38 +0000 2021,0,@gwgjbgt ppkm dendanya nggak semurah ituu
1.47E+18,positive,Wed Dec 01 22:59:27 +0000 2021,0,"RT @KemenkeuRI: Pemulihan ekonomi nasional terlihat, beberapa daerah telah masuk PPKM level 1-2.  Tidak lain krn dukungan masyarakat &amp; APBN sebagai countercylical yg efektif.  Lalu, bagaimana kabar APBN saat ini?  Simak Konferensi Pers APBN KiTa Oktober 2021. SEKARANG! ‚ñ∂Ô∏è ..."
1.47E+18,negative,Wed Dec 01 23:03:03 +0000 2021,0,"@bagaz13 @sdenta Semoga nggak ada ppkm, pengen mudik sebelum puasa euy"
1.47E+18,positive,Wed Dec 01 23:58:08 +0000 2021,0,"@sadbichis @partikelatom @schfess setuju banget, kalo libur pasti covid naik lagi, trus ujung ujungnya ppkm lagi, ngga kelar kelar deh"
1.47E+18,negative,Thu Dec 02 00:28:58 +0000 2021,0,@spifdol makanya anjir. orang liburan juga ada ppkm ih anjgggg masa disuruh belajar mulu dongo bgt mau dibuat gila kayanya
1.47E+18,positive,Thu Dec 02 00:56:50 +0000 2021,0,@PRFMnews Ya bagus ppkm level 4 ajA tptpu jajan
1.47E+18,positive,Thu Dec 02 01:16:17 +0000 2021,0,@lettachantik Jaman PPKM harus dukung program pemerintah....!! Reuni PA 212 secara online.   WEBINAR
1.47E+18,negative,Thu Dec 02 01:38:36 +0000 2021,0,"@rudysarwa @tijabar Satire atau mungkin jg pembodohan dan ungkapan kebencian dari media hops, emang PPKM kebijakan gubernur yah, baru tau"
1.47E+18,positive,Thu Dec 02 01:58:44 +0000 2021,0,"@mamadarling2021 betul mam setuju,, dulu aku juga suka misuh2 kalau mereka ppkm,,kecewa tapi sekarang sudah ga karena ada alasan ga bisa spill disini,,nikmatin aja mereka masih kerja bareng üíöüíú"
1.47E+18,negative,Thu Dec 02 02:51:42 +0000 2021,0,@jpnncom Kalaupun nggak membuat kerusuhan. Kerumunan kan juga melanggar PPKM to..
1.47E+18,positive,Thu Dec 02 03:19:52 +0000 2021,0,Giat kampanye keselamatan prokes COVID-19 dengan pembagian masker kepada pengguna jalan di Jalan Arief Rahman Hakim dalam rangka PPKM lvl 2 di Kab.Subang https://t.co/vx3oiV7bYL
1.47E+18,positive,Thu Dec 02 03:20:21 +0000 2021,0,Giat kampanye keselamatan prokes COVID-19 dengan pembagian masker kepada pengguna jalan di Jalan Arief Rahman Hakim dalam rangka PPKM lvl 2 di Kab.Subang https://t.co/LAWWzuUIYE
1.47E+18,positive,Thu Dec 02 03:21:06 +0000 2021,0,Giat kampanye keselamatan prokes COVID-19 dengan pembagian masker kepada pengguna jalan di Jalan Arief Rahman Hakim dalam rangka PPKM lvl 2 di Kab.Subang https://t.co/xCvBAXQAWo
1.47E+18,positive,Thu Dec 02 03:21:47 +0000 2021,0,Giat kampanye keselamatan prokes COVID-19 dengan pembagian masker kepada pengguna jalan di Jalan Arief Rahman Hakim dalam rangka PPKM lvl 2 di Kab.Subang https://t.co/vW0BdtAMMj
1.47E+18,positive,Thu Dec 02 03:22:17 +0000 2021,0,Giat kampanye keselamatan prokes COVID-19 dengan pembagian masker kepada pengguna jalan di Jalan Arief Rahman Hakim dalam rangka PPKM lvl 2 di Kab.Subang https://t.co/fVtXOH77IE
1.47E+18,positive,Thu Dec 02 03:24:00 +0000 2021,0,Giat kampanye keselamatan tertib berlalu lintas dengan penempelan stiker di Jalan Arief Rahman Hakim dalam rangka PPKM lvl 2 di Kab.Subang https://t.co/1mpifImwBG
1.47E+18,positive,Thu Dec 02 03:26:08 +0000 2021,0,Giat kampanye keselamatan tertib berlalu lintas dengan pembagian snack gratis kepada anak yang dibonceng sepeda motor dengan menggunakan helm di Jalan Arief Rahman Hakim dalam rangka PPKM lvl 2 di Kab.Subang https://t.co/EMbSDMxk3f
1.47E+18,positive,Thu Dec 02 03:28:27 +0000 2021,0,Giat kampanye keselamatan tertib berlalu lintas dengan pembagian snack gratis kepada anak yang dibonceng sepeda motor dengan menggunakan helm di Jalan Arief Rahman Hakim dalam rangka PPKM lvl 2 di Kab.Subang https://t.co/RZCKA3oFmZ
1.47E+18,positive,Thu Dec 02 03:32:47 +0000 2021,0,Giat kampanye keselamatan tertib berlalu lintas dengan pembagian snack gratis kepada anak yang dibonceng sepeda motor dengan menggunakan helm di Jalan Arief Rahman Hakim dalam rangka PPKM lvl 2 di Kab.Subang https://t.co/22kflxO8F5
1.47E+18,positive,Thu Dec 02 03:33:20 +0000 2021,0,Giat kampanye keselamatan tertib berlalu lintas dengan pembagian snack gratis kepada anak yang dibonceng sepeda motor dengan menggunakan helm di Jalan Arief Rahman Hakim dalam rangka PPKM lvl 2 di Kab.Subang https://t.co/ZLX2YJ1Q2q
1.47E+18,negative,Thu Dec 02 03:40:45 +0000 2021,0,"@manarat_n @_ekokuntadhi NGGAK DAPET KUAH LENGKUAS MAKSOD LO ?   JILAT TROS GUYS .. !  NTAR HARGA NAEK, PADA NGANGGUR, TKA BEJIBUN,  KELUARGA LO NGGAK MAKAN, NGGAK SEKOLAH ..PPKM &amp; PCR TROS NGGAK ABIS2 NAH .. NYESEL JUGA NGGAK GUNA   LANJUTKEN KEDUNGUAN !"
1.47E+18,negative,Thu Dec 02 04:11:57 +0000 2021,0,"Akhir tahun ppkm diperketat, semua dibatasi bahkan sampai ibadah pun ikut dibatasi, gak papa kita dukung selalu, semua demi keselamatan bersama, cuman pesen ajah besok bulan april mei juga sama ya, diperketat semua, ingat lonjakan terjadi bulan juni......."
1.47E+18,negative,Thu Dec 02 04:18:39 +0000 2021,0,"Syg? ‚ÅâÔ∏è‚ÅâÔ∏èTgl 24 Desember smpe 2 Januari kan ppkm ya, cowok ku dari Sumatera mau ke Bandung tgl 25 mau prewed.. kira kira penerbangan masih bisa apa enggak ya? Plis bingung bgt"
1.47E+18,negative,Thu Dec 02 05:13:33 +0000 2021,0,"@jokowi bapak adalah orang nomor 1 yang sangat di jaga kesehatan dan keselamatnya, bapak sekarang sudah bisa bertugas kemana saja. saya hanya meminta kepada bapak agar tahun depan IdulFitri tidak lagi di berlakukan PPKM ,karena saya selama 3tahun ini belum bertemu mamak karo bapakku pak"
1.47E+18,positive,Thu Dec 02 06:37:40 +0000 2021,0,"Ane mendukung penuh kebijakan preventif pemerintah yg memberlakukan PPKM level 3 menjelang perayaan nataru. Kapan perlu, berlakukan PPKM level 4 utk menghindari lonjakan kasus dan munculnya varian baru corona di Indonesia. https://t.co/EBVFmN5Y87"
1.47E+18,positive,Thu Dec 02 07:07:46 +0000 2021,0,Dukung dan sukseskan program pemerintah ppkm dan vaksinasi https://t.co/D5VPS9gDtb
1.47E+18,positive,Thu Dec 02 07:12:31 +0000 2021,0,Dukung pelaksanaan PPKM. https://t.co/uO3BSEAWrA
1.47E+18,positive,Thu Dec 02 07:24:09 +0000 2021,0,Dukung serta sukses PPKM dan Vaksinasi Covid-19 https://t.co/FImTuDVYyN
1.47E+18,negative,Thu Dec 02 09:01:58 +0000 2021,0,"@GunRomli @Uki23 Reuni menyambut datangnya Omnicron. Jika reuni 212 menyebabkan kasus Covid melonjak, menyebabkan PPKM naik level, artinya yg reuni berperan dlm membuat bangsa dan negara menderita. Ya Tuhan, mengapa bnyk orang bodoh di negeri ini?üò∞"
1.47E+18,positive,Thu Dec 02 09:21:25 +0000 2021,0,@ExxceL150 Dukung kebijakan PPKM
1.47E+18,negative,Thu Dec 02 09:34:35 +0000 2021,0,"Kenapa naik? Dulu bisnisnya hanya 1, sekarang sudah ada beberapa pasif income. Kecil‚Äù tapi banyak. Gila nih! Makasih PSBB dan PPKM, krn fenomena ini membuat aq bisa metik buahnya sekarang."
1.47E+18,negative,Thu Dec 02 10:58:46 +0000 2021,0,"@Tetehcentil Nggak bisa kemana2 juga, ppkm jadi ribet."
1.47E+18,positive,Thu Dec 02 11:46:02 +0000 2021,0,"@_Banyoe @rudeski83 @5dhany5 @MKrenthil @rullytanggo @Merdekalah123 @StopPlandemit @c1nt4_2l2 @Painkiller819 @luis_vtj @andrebung86 @BuKasunNdeso @Peyek_T3RI @AntonStefanus_ @amirulyusra @TedHilbert @kucinglucu01 @ftrrii1 @AldoBabeh @seroja_merah @mindlipstick @BangPitung_AJW @hanajuda @1Imsick @Fatoni0Rachman @soetidjam @AminSiregar21 @depopulasi @ctavianiken2 @Tegawati_SP @Aznlova @eko_n9udiarto @almagentia369 @PBIDI @KemenkesRI @fahiraidris @patio9eneral @Kapteng3 @by_blackangel @cybsquad_ @N4T0_ @bd_baskoro @VFathun @irwank2k2 @SastroPedal6 @jokosurono23121 @julid_aja @Wahrun12 @garis_ralucu @Wan_Zambut Disinlah lu tunjukin kebodohan lu. Rakyat bayar pajak, jika ada wabah maka negara berusaha utk mencari vaksin dan upaya lain agar warganya ga jadi korban. Baksinasi, PPKM, PSBB dan Prokes. Kalau soal PCR, lu baca ini, siapa pemain besarnya..?? https://t.co/Co7iMkGoUd"
1.47E+18,negative,Thu Dec 02 11:49:29 +0000 2021,0,"@jeonsomibogor Katanya diganti sama pembelajaran jarak jauh, cuma belajarnya nggak fullday kayak pjj waktu ppkm. Digituin biar anak-anaknya produktif dan liburannya nggak keluyuran, menghindari penumpukan manusia di waktu holidays"
1.47E+18,negative,Thu Dec 02 12:07:22 +0000 2021,0,"Udah Desember..mudah""an makin banyak tamu walau mo ppkm lg...di tunggu bt wisatawan yg d #pantaipangandaran buat pijatnya ready  #pijatpanggilan #pangandaran #wa083861751337"
1.47E+18,negative,Thu Dec 02 13:38:16 +0000 2021,0,Mau alasan apa? Ppkm? Menghindari kerumunan libur natal taun baru? Ya seenggaknya kalo nggak bisa liburan keluar kasih lah waktu libur dirumah cape tau kita tertekan sama beban tugas sekolah belum lagi yang awalnya sekolah daring taunya PASnya ofline sinting kali
1.47E+18,negative,Thu Dec 02 14:21:10 +0000 2021,0,"ksll bgt ppkm level""an adalagi. taun ini, bener"" sedih seneng cape mental cape fisik cape ati mikirin kamu(yahh bucin,engga deh), campur adukk bgtt pkonya. THIS YEAR MANY HAPPINESS POLL POKOEE. capee si, but worth it. trimakasi '21 give me lots of happy memories."
1.47E+18,negative,Thu Dec 02 14:42:20 +0000 2021,0,"Sedih tiap orang ada yang sgin "" foto apapun asalkan di jogja "". Anyinkkk Aing belum pernah ke jogjaaaaü•≤. Kek sedih banget sii, tiap udah punya planing yang udah mateng, tapi digagalkan ama si ppkm atau psbb. Ceritanya nihhh, akhir taun mau kesanaa, nggak jadi lagi anyinkk."
1.47E+18,negative,Thu Dec 02 14:58:44 +0000 2021,0,"RT @prastow: Biaya rawat pasien melonjak sangat tinggi, dari Rp 63,61 T menjadi Rp 96,86 T, akselerasi vaksin Rp 47,6 T, dan pelaksanaan PPKM di Daerah. Selain itu, utk penguatan Bansos, subsidi upah, dan dukungan tunai utk pelaku UMKM yg terpukul karena PPKM Level 4."
1.47E+18,negative,Thu Dec 02 15:14:03 +0000 2021,0,Pesta Tahun Baru 2022 tak boleh diadakan di Kepri. Kenapa nggak boleh kan sudah PPKM Level I? Cek nih alasannya..  #kepri #nataru #BARAKATA  https://t.co/ZEUgXbZB3l @barakata_id
1.47E+18,negative,Thu Dec 02 15:24:46 +0000 2021,0,"@GilangJuragan99 Jd inget Babang saler mobil Suzuki, Toyota Alhamdulillah ni dah brapa bulan kemaren mulai ngopi nongkrong di lapak #kapekupihapix Taman Gaya jl Setiabudi sebelah pom bensin Bandung lagi stlh blas ilang slama.pandemi ppkm berseri seri itu.Beberapa wisuda=istilah keluar versi mrk https://t.co/58rLDOE74a"
1.47E+18,negative,Thu Dec 02 17:20:36 +0000 2021,0,"@yaruyz @wizardfes Padahal you-know-who kan udah metong, harusnya udah nggak ppkm lagi ya"
1.47E+18,negative,Thu Dec 02 17:51:02 +0000 2021,0,"@KatroJaya @ProfesorZubairi @CNNIndonesia Basi banget ga sih, kantor cabang yg masih satu provinsi ngadain acara internal sekantor. Ada 3 orang yg reaktif. Yg reaktif nggak ikut tapi acara tetep lanjut. Jadinya 30an orang kena habis acara. Kantornya sekarang tutup wkwkwk. Kasihan yg mau cuti akhir tahun jadi PPKM lagi"
1.47E+18,positive,Thu Dec 02 20:38:28 +0000 2021,0,@PRFMnews Ya bagus ppkm level 4 ajA tptpu jajan
1.47E+18,negative,Thu Dec 02 23:11:21 +0000 2021,0,"Akhir tahun katanya ada ppkm ya? Itu beneran kah? Semoga aja enggak, aku mau ke Semarang woy masak harus batal lagi üò≠"
1.47E+18,negative,Fri Dec 03 00:57:40 +0000 2021,0,"@ipungcadud PPKM tgl. 24 Des, banci... Sblm itu, dong. Org msh awal Des ini... Gilak, deh.."
1.47E+18,negative,Fri Dec 03 01:38:57 +0000 2021,0,@satuserveraja Oh oklah sepakat kalo gitu mah emang saya juga setuju suami istri keseringan ppkm lanjutkan deh protesnya saya dukung
1.47E+18,positive,Fri Dec 03 02:12:17 +0000 2021,0,Giat kampanye keselamatan prokes COVID-19 dengan pembagian masker kepada pengguna jalan di Pertigaan Pablo dalam rangka PPKM lvl 2 di Kab.Subang https://t.co/HNQf31DW1p
1.47E+18,positive,Fri Dec 03 02:12:45 +0000 2021,0,Giat kampanye keselamatan prokes COVID-19 dengan pembagian masker kepada pengguna jalan di Pertigaan Pablo dalam rangka PPKM lvl 2 di Kab.Subang https://t.co/rnLvu8bc29
1.47E+18,positive,Fri Dec 03 02:13:08 +0000 2021,0,Giat kampanye keselamatan prokes COVID-19 dengan pembagian masker kepada pengguna jalan di Pertigaan Pablo dalam rangka PPKM lvl 2 di Kab.Subang https://t.co/XoWMCQgbQj
1.47E+18,positive,Fri Dec 03 02:13:36 +0000 2021,0,Giat kampanye keselamatan prokes COVID-19 dengan pembagian masker kepada pengguna jalan di Pertigaan Pablo dalam rangka PPKM lvl 2 di Kab.Subang https://t.co/v3clTgv8IG
1.47E+18,positive,Fri Dec 03 02:14:11 +0000 2021,0,Giat kampanye keselamatan prokes COVID-19 dengan pembagian masker kepada pengguna jalan di Pertigaan Pablo dalam rangka PPKM lvl 2 di Kab.Subang https://t.co/D7y8kyrbGS
1.47E+18,positive,Fri Dec 03 02:14:49 +0000 2021,0,Giat kampanye keselamatan prokes COVID-19 dengan pembagian masker kepada pengguna jalan di Pertigaan Pablo dalam rangka PPKM lvl 2 di Kab.Subang https://t.co/Uv7LGIHD9S
1.47E+18,positive,Fri Dec 03 02:15:30 +0000 2021,0,Giat kampanye keselamatan prokes COVID-19 dengan pembagian masker kepada pengguna jalan di Pertigaan Pablo dalam rangka PPKM lvl 2 di Kab.Subang https://t.co/ldGyFKdT6A
1.47E+18,positive,Fri Dec 03 02:16:43 +0000 2021,0,Giat kampanye keselamatan tertib berlalu lintas dengan penempelan stiker di Jalan Pertigaan Pablo dalam rangka PPKM lvl 2 di Kab.Subang https://t.co/K01mPoKx1I
1.47E+18,positive,Fri Dec 03 02:17:52 +0000 2021,0,Giat kampanye keselamatan tertib berlalu lintas dengan pembagian snack gratis kepada anak yang dibonceng sepeda motor dengan menggunakan helm di Jalan Pertigaan Pablo Hakim dalam rangka PPKM lvl 2 di Kab.Subang https://t.co/Ho3u5pqq2j
1.47E+18,positive,Fri Dec 03 02:18:23 +0000 2021,1,Giat kampanye keselamatan tertib berlalu lintas dengan pembagian snack gratis kepada anak yang dibonceng sepeda motor dengan menggunakan helm di Jalan Pertigaan Pablo Hakim dalam rangka PPKM lvl 2 di Kab.Subang https://t.co/fvxeoLHEt9
1.47E+18,positive,Fri Dec 03 02:21:25 +0000 2021,1,RT @dikyasapolress2: Giat kampanye keselamatan tertib berlalu lintas dengan pembagian snack gratis kepada anak yang dibonceng sepeda motor‚Ä¶
1.47E+18,positive,Fri Dec 03 02:58:31 +0000 2021,0,"@baseumum Bagus aja ga sih, soalnya Desember ppkm lv 3 jga"
1.47E+18,positive,Fri Dec 03 04:33:53 +0000 2021,0,"Kemenhub menyiapkan sejumlah konsep pada masa libur Natal dan tahun baru 2022 untuk mendukung penerapan PPKM level 3 sebagai antisipasi lonjakan kasus COVID-19, salah satunya penggunaan stiker sebagai bukti telah melakukan vaksin dan jalani tes antigen negatif. #MostUpdate1058 https://t.co/jbLQLXF1g1"
1.47E+18,positive,Fri Dec 03 05:16:57 +0000 2021,0,Nahh..kita harus tau ini 10 aturan PPKM Level 3 saat Nataru.. dukung upaya pemerintah yaa dalam memutus mata rantai Covid-19 https://t.co/MFJGInoqiN
1.47E+18,positive,Fri Dec 03 05:36:53 +0000 2021,0,"KARANGANYAR - Jum'at 03 Desember 2021 Koptu Alim Subandriyo Anggota Koramil 02/Tasikmadu melaksanakan Patroli PPKM level 2 disekitaran Kec. Tasikmadu Kab. Karanganyar menghimbau masyarakat untuk selalu menjaga kesehatan, keselamatan dan juga mematuhi protokol kesehatan Covid 19. https://t.co/OLNx277dxK"
1.47E+18,positive,Fri Dec 03 05:37:34 +0000 2021,0,"KARANGANYAR - Jum'at 03 Desember 2021 Koptu Alim Subandriyo Anggota Koramil 02/Tasikmadu melaksanakan Patroli PPKM level 2 disekitaran Kec. Tasikmadu Kab. Karanganyar menghimbau masyarakat untuk selalu menjaga kesehatan, keselamatan dan juga mematuhi protokol kesehatan Covid 19. https://t.co/4RC5IDMBE9"
1.47E+18,positive,Fri Dec 03 05:37:56 +0000 2021,0,"KARANGANYAR - Jum'at 03 Desember 2021 Koptu Alim Subandriyo Anggota Koramil 02/Tasikmadu melaksanakan Patroli PPKM level 2 disekitaran Kec. Tasikmadu Kab. Karanganyar menghimbau masyarakat untuk selalu menjaga kesehatan, keselamatan dan juga mematuhi protokol kesehatan Covid 19. https://t.co/cAHFnEPJ8r"
1.47E+18,negative,Fri Dec 03 06:05:00 +0000 2021,1,"Masuknya booster nanti vax 3 dst.. Bakal jadi menyadarkan yg awam apasih yang terjadi sampe disuntik berkali kali  Mereka bakal cape dengerin ppkm diperpanjang terus dibhongin terus intinya ga ada seneng""nya dibatasin &amp; di otoriterin  Wake up my country"
1.47E+18,negative,Fri Dec 03 06:16:16 +0000 2021,0,"@MusuhMisuh @andrediras @AnakLeuweng @MCAOps Gampang ngomong doang, tuh liat org¬≤ kita kalau udh ppkm aja marah¬≤ dan protes. Suruh prokes malah ngumpul¬≤ gaje kayak gerombolan siberat 212. Jadi ga segampang itu ya tolol"
1.47E+18,negative,Fri Dec 03 06:28:10 +0000 2021,0,@jokowi Makanya Jangan Terapkan Tu PPKM Level 3 Biar Gak Ada Kelangkaan Ni Tu. Ana BARU PULANG DARI BALI Aman Aman Aja Kok What Walafiat (Walau Makin Gila Seh Hahaha) Udah SELESAIKAN DAH NI BARANG Jangan Rusak Mata Pencaharian Masyaraket. Ana Ini CONTOH HIDUP Bali Tu AMAN TENTREM DAH! https://t.co/nakr7yJI5a
1.47E+18,negative,Fri Dec 03 07:37:27 +0000 2021,0,@kopidulce @anggy_ngikcityx Ppkm mboyakkkk wes kesel aku ngene trus
1.47E+18,positive,Fri Dec 03 07:49:55 +0000 2021,0,Menjelang PPKM yang akan diberlakukan sebentar lagi tidak akan membatasi angkutan logistik. Ini menunjukkan pemerintahan Jokowi mendukung agar roda ekonomi tetap berjalan. https://t.co/x29tDQiLup
1.47E+18,positive,Fri Dec 03 08:10:21 +0000 2021,0,"Untuk mencegah meningkatnya angka kasus COVID-19 usai liburan Natal dan Tahun Baru (Nataru), pemerintah dengan sigap mengeluarkan berbagai peraturan demi mendukung penekanan angka COVID-19. Salah satunya diberlakukannya PPKM Level 3 di seluruh Indonesia.‚Å†.. https://t.co/9359ix5ViZ"
1.47E+18,negative,Fri Dec 03 09:11:27 +0000 2021,0,@almostdita Indo keknya enggak ya. mau natal tahun baru aja ppkm lvl 3 lagi ü•¥
1.47E+18,positive,Fri Dec 03 09:33:24 +0000 2021,0,Dukungan serta bantuan dari Polri diharapkan dapat meringankan beban masyarakat dimasa PPKM Level 3
1.47E+18,positive,Fri Dec 03 12:25:20 +0000 2021,0,"senang banget natal kali ini bareng kak juy + mem deobo, gabisa kumpul sama keluarga akibat ppkm level 3 tp gapapa ada kak juy sama deobo üíóü•∫  https://t.co/Kms5iQl9Tc"
1.47E+18,negative,Fri Dec 03 14:11:28 +0000 2021,0,ppkm dari tgl 24 sampe tgl 2.. gilak aje gue kaga main kemana mana su
1.47E+18,negative,Fri Dec 03 14:36:12 +0000 2021,0,"ppkm ya ppkm aja ngab, ngapain segala ngundur liburan? seneng lu ngeliat murid sakit jiwa? demi Allah gua bener-bener mau muntah ngeliat layar hp, ngeliat layar laptop. gua maen ama temen aja nyuri waktu. kita-kita stress di rumah, lu mah enak enak aje pariwisata pake duit haram"
1.47E+18,negative,Fri Dec 03 15:31:51 +0000 2021,0,"@Dennysiregar7 Kan tolol...satu sisi dilarang berkerumun alasannya masih PPKM...sisi lain boleh, apa karna cebong piaraan rezim gituü§≠  Rezim tolol ketakutanü§£ü§£ü§£"
1.47E+18,negative,Fri Dec 03 16:39:59 +0000 2021,0,"ya tuhan knp gue ultahnya juli alias pas awal ppkm yg kaga boleh ke mana2üò¢ ngiri bgt liat temen2 skrg pada bikin birthday party, meanwhile gue bisa ngerayain ultah tanpa denger kabar duka aja udh seneng bgt waktu ituüíî"
1.47E+18,negative,Fri Dec 03 16:43:52 +0000 2021,0,Gigs pertama setelah sekian lama enggak ngegigs karena PPKM darurat. https://t.co/ZgqMvLhNtr
1.47E+18,negative,Fri Dec 03 17:23:58 +0000 2021,0,"@Ronycawang @_Banyoe @_54fitri @StopPlandemit @5dhany5 @KatroJaya @__anomali__ @c1nt4_2l2 @Painkiller819 @Merdekalah123 @luis_vtj @andrebung86 @BuKasunNdeso @Peyek_T3RI @MKrenthil @AntonStefanus_ @amirulyusra @TedHilbert @kucinglucu01 @ftrrii1 @AldoBabeh @seroja_merah @mindlipstick @BangPitung_AJW @hanajuda @1Imsick @Fatoni0Rachman @soetidjam @AminSiregar21 @depopulasi @ctavianiken2 @Tegawati_SP @Aznlova @eko_n9udiarto @almagentia369 @PBIDI @KemenkesRI @fahiraidris @patio9eneral @Kapteng3 @by_blackangel @cybsquad_ @N4T0_ @bd_baskoro @VFathun @irwank2k2 @SastroPedal6 @jokosurono23121 @julid_aja @Wahrun12 Wooowww... Itulah kebodohan dan kebebalan lu, kawan lu dan keluarga lu. Emang lu mau negara ini alami pendemi berkepanjangan. Orang mau kerja terhalang dgn PPKM..?? Itu pemikiran BODOH dan BEBAL. PAHAM LU.   üòÇüòÇüòÇ"
1.47E+18,negative,Fri Dec 03 17:32:33 +0000 2021,0,"Enak banget bapak bapak ngomongnya :))  Dari mengeluh mau ppkm diakhiri dengan kalimat ‚Äútetep aja yg di hotel mah ngewe, ngewe‚Äù bagus"
1.47E+18,negative,Fri Dec 03 17:42:17 +0000 2021,0,"@Ronycawang @_Banyoe @_54fitri @StopPlandemit @5dhany5 @KatroJaya @__anomali__ @c1nt4_2l2 @Painkiller819 @Merdekalah123 @luis_vtj @andrebung86 @BuKasunNdeso @Peyek_T3RI @MKrenthil @AntonStefanus_ @amirulyusra @TedHilbert @kucinglucu01 @ftrrii1 @AldoBabeh @seroja_merah @mindlipstick @BangPitung_AJW @hanajuda @1Imsick @Fatoni0Rachman @soetidjam @AminSiregar21 @depopulasi @ctavianiken2 @Tegawati_SP @Aznlova @eko_n9udiarto @almagentia369 @PBIDI @KemenkesRI @fahiraidris @patio9eneral @Kapteng3 @by_blackangel @cybsquad_ @N4T0_ @bd_baskoro @VFathun @irwank2k2 @SastroPedal6 @jokosurono23121 @julid_aja @Wahrun12 Sekarang gue tanya sama lu, mau sampai kapan negara ini mau alami pendemi, pemberlakuan PPKM, ekonomi stagnan, investasi lambat...?? Kalau lu dan kelompok lu menolak vaksin. Jawab muka bodoh.  üòÇüòÇüòÇ"
1.47E+18,positive,Fri Dec 03 22:00:01 +0000 2021,0,"Perhimpunan Hotel dan Restoran Indonesia Kota Cirebon mendukung kebijakan pemberlakuan pembatasan kegiatan masyarakat level 3 pada masa libur Natal dan Tahun Baru mendatang. Namun, PHRI berharap ada kelonggaran. #Nusantara #AdadiKompas @abdullah_fikri  https://t.co/EVLxGde9uG"
1.47E+18,positive,Fri Dec 03 23:00:02 +0000 2021,0,"Mari kita dukung pemerintah untuk mengatur perjalanan luar negeri, menerapkan karantina yang sesuai, dan patuh peraturan Pemberlakuan Pembatasan Kegiatan Masyarakat (PPKM) selama libur Natal dan Tahun Baru, #TaatProkesLindungiNegeri https://t.co/J0CZElezj0"
1.47E+18,positive,Fri Dec 03 23:30:00 +0000 2021,0,Forum Komunikasi Pimpinan Daerah Surabaya sepakat mendukung penerapan level 3 PPKM serentak kurun 24 Desember 2021 - 2 Januari 2022 dengan melarang kegiatan kerumunan di ruang publik terkait Natal dan Tahun Baru. #Nusantara #AdadiKompas  https://t.co/5j375cnbr4
1.47E+18,negative,Sat Dec 04 00:12:54 +0000 2021,0,@aMrazing enggak pakai tempat beras ko aku di kost biasa beli literan lansung masak makan bareng ma temen2 se kost. soalnya kita kedampak ppkm blm dpet kerja lagi
1.47E+18,positive,Sat Dec 04 00:16:02 +0000 2021,0,@HanifahAndini96 @sadeesfaction @twuicei PPKM serentak bukti keseriusan pemerintah untuk melindungi keselamatan masyarakat
1.47E+18,negative,Sat Dec 04 01:00:05 +0000 2021,1,"@schfess Kemarin ada surat tentang PPKM dan ngga ada libur, kegiatan libur katanya sih diganti sama kegiatan pengembangan apa gitu sama siswa  Semoga aja ada perubahan, gila aja ga ada libur üò≠"
1.47E+18,positive,Sat Dec 04 02:30:19 +0000 2021,0,Dukung Muktamar yang menyesuaikan aturan PPKM #TolakProyahudi #GusYahyaAntekZionis  #BahayaLatenAsing #NUAntiYahudi #TolakOligarkiNU #TolakCalonHMI #TolakAntekAsing https://t.co/Srjzf5SVJ1
1.47E+18,positive,Sat Dec 04 02:49:19 +0000 2021,0,Giat kampanye keselamatan prokes COVID-19 dengan pembagian masker kepada pengguna jalan di Wisma Karya dalam rangka PPKM lvl 2 di Kab.Subang https://t.co/64CQppJJMx
1.47E+18,positive,Sat Dec 04 02:49:53 +0000 2021,0,Giat kampanye keselamatan prokes COVID-19 dengan pembagian masker kepada pengguna jalan di Wisma Karya dalam rangka PPKM lvl 2 di Kab.Subang https://t.co/TAArerIDE0
1.47E+18,positive,Sat Dec 04 02:50:34 +0000 2021,0,Giat kampanye keselamatan prokes COVID-19 dengan pembagian masker kepada pengguna jalan di Wisma Karya dalam rangka PPKM lvl 2 di Kab.Subang https://t.co/s1gqjR8kwI
1.47E+18,positive,Sat Dec 04 02:51:05 +0000 2021,0,Giat kampanye keselamatan prokes COVID-19 dengan pembagian masker kepada pengguna jalan di Wisma Karya dalam rangka PPKM lvl 2 di Kab.Subang https://t.co/9AFWsf0aEh
1.47E+18,positive,Sat Dec 04 02:51:52 +0000 2021,0,Giat kampanye keselamatan prokes COVID-19 dengan pembagian masker kepada pengguna jalan di Wisma Karya dalam rangka PPKM lvl 2 di Kab.Subang https://t.co/5kaZy1L0jb
1.47E+18,positive,Sat Dec 04 02:52:40 +0000 2021,0,Giat kampanye keselamatan prokes COVID-19 dengan pembagian masker kepada pengguna jalan di Wisma Karya dalam rangka PPKM lvl 2 di Kab.Subang https://t.co/atExKG0hsD
1.47E+18,negative,Sat Dec 04 03:23:43 +0000 2021,0,Baru mau seneng natal sma tahun baru ehhhh Udah mau PPKM level 3 lagi Wkwkkwkwk Kocak ahhh
1.47E+18,negative,Sat Dec 04 03:36:03 +0000 2021,0,dukung ali main tiap hari biar kalo ppkm ga nyesel ga main
1.47E+18,positive,Sat Dec 04 03:41:11 +0000 2021,0,Ummat peduli NU mendukung Muktamar ke-34 NU diundur menyesuaikan dengan PPKM level 3 dan mencegah penularan Covid-19 #TolakProyahudi #GusYahyaAntekZionis #BahayaLatenAsing #NUAntiYahudi #TolakOligarkiNU #TolakCalonHMI #TolakAntekAsing https://t.co/8CXTlYLbw7
1.47E+18,positive,Sat Dec 04 03:45:36 +0000 2021,0,Giat kampanye keselamatan tertib berlalu lintas dengan penempelan stiker di Jalan perempatan Wisma Karya dalam rangka PPKM lvl 2 di Kab.Subang https://t.co/YVUjY9GKuC
1.47E+18,positive,Sat Dec 04 03:46:53 +0000 2021,0,Giat kampanye keselamatan tertib berlalu lintas dengan penempelan stiker di Jalan perempatan Wisma Karya dalam rangka PPKM lvl 2 di Kab.Subang https://t.co/mhUyGJDPwx
1.47E+18,positive,Sat Dec 04 04:17:51 +0000 2021,0,"Patroli dan penegakan serta edukasi Prokes terus digiatkan di wilayah Tawangsari, untuk mendukung PPKM Level 2 dlm rangka memutus mata rantai penyebaran Covid-19. Percepatan penanggulangan covid 19 merupakan tanggungjawab kita bersama. https://t.co/kxd4MuNSY6"
1.47E+18,negative,Sat Dec 04 04:54:27 +0000 2021,0,@detikcom Ngapain ada PPKM lg pas nataru ya  ? Ini aja org2 lg pda seneng kumpul2 wkwkwkwk
1.47E+18,positive,Sat Dec 04 05:06:33 +0000 2021,0,Dukung PPKM level 3 dan vaksinasi untuk mencapai herd immunity  #Nataru #PPKM https://t.co/88PmikNiZc
1.47E+18,positive,Sat Dec 04 05:54:31 +0000 2021,0,Giat kampanye keselamatan prokes COVID-19 dengan pembagian masker kepada ojek pangkalan di Pangkalan Ojek Pasar Ciasem dalam rangka PPKM lvl 2 di Kab.Subang https://t.co/oDCJ1a6Hxb
1.47E+18,positive,Sat Dec 04 06:05:00 +0000 2021,3,Penanganan dan pengendalian Covid-19 oleh Polri dengan mengoptimalkan posko-posko PPKM hingga di tingkat RT/desa. - Pendisiplinan protokol kesehatan  - Berperan serta mendukung percepatan vaksinasi Covid-19. #PeranAktifPolri Jaga Kondusifitas Negeri https://t.co/wWF9oEMGG6
1.47E+18,positive,Sat Dec 04 06:26:59 +0000 2021,0,@babegalak1 Penanganan dan pengendalian Covid-19 oleh Polri dengan mengoptimalkan posko-posko PPKM hingga di tingkat RT/desa.. Berperan serta mendukung percepatan vaksinasi Covid-19.. #PeranAktifPolri Jaga Kondusifitas Negeri
1.47E+18,negative,Sat Dec 04 06:28:15 +0000 2021,0,"Tiba2 mikir, daripada ngilangin cuti bersama, gimana kalo level ppkm ditingkatin di pekan2 liburan, dan cuti bersamanya tetap ada?"
1.47E+18,positive,Sat Dec 04 06:54:23 +0000 2021,0,Anggota Pos PPKM melaksanakan kegiatan  Dikmas Lantas dan pengarahan pentingnya tetap menerapkan protokol kesehatan kepada warga masyarakat di wilayah pos PPKM Kanigoro Kabupaten Blitar.  ‚õî *Stop Pelanggaran* üñê *Stop Kecelakaan* üë®‚Äçüë©‚Äçüë¶‚Äçüë¶ *Keselamatan Untuk Kemanusiaan* https://t.co/RhFUU8yw7R
1.47E+18,positive,Sat Dec 04 07:15:53 +0000 2021,0,Dukung PPKM Level 3 dan Vaksinasi Untuk Mempercepat Herd Immunity  #Nataru #PPKM #NKRIMajuBerjaya https://t.co/54YDHEN9F1
1.47E+18,positive,Sat Dec 04 07:15:56 +0000 2021,0,Dukung PPKM Level 3 dan Vaksinasi Untuk Mempercepat Herd Immunity  #Nataru #PPKM #NKRIMajuBerjaya https://t.co/gAQ3junRKY
1.47E+18,positive,Sat Dec 04 07:21:43 +0000 2021,0,Donefrid Lalang (Sekretaris PWI Kab. Sukamara) Mendukung kebijakan ppkm dalam rangka penanganan covid-19 di Kalimantan Tengah https://t.co/CMDklhWNwu
1.47E+18,positive,Sat Dec 04 07:27:01 +0000 2021,0,Donefrid Lalang (Sekretaris PWI Kab. Sukamara) Mendukung kebijakan ppkm dalam rangka penanganan covid-19 di Kalimantan Tengah https://t.co/nu9ew9NZap
1.47E+18,positive,Sat Dec 04 08:00:15 +0000 2021,0,"@B0cilSosmed Setuju, PPKM diperpanjang üëç"
1.47E+18,positive,Sat Dec 04 08:11:24 +0000 2021,0,@MrBugs_13 Dukung perpanjangan PPKM
1.47E+18,positive,Sat Dec 04 08:14:50 +0000 2021,0,@rastragama Dukung perpanjangan PPKM
1.47E+18,positive,Sat Dec 04 08:17:19 +0000 2021,0,@blackwidowsback Dukung perpanjangan PPKM
1.47E+18,positive,Sat Dec 04 08:18:47 +0000 2021,0,@karisma_4rio Dukung PPKM utk keselamatan masyarakat
1.47E+18,positive,Sat Dec 04 08:20:32 +0000 2021,0,@NikkeyAyu Kita sama mak kadang pas ppkm aja udh seneng haha
1.47E+18,positive,Sat Dec 04 08:24:16 +0000 2021,0,@Vidi_A05 Dukung PPKM untuk cegah lonjakan kasus covid
1.47E+18,negative,Sat Dec 04 08:29:24 +0000 2021,4458,"RT @TarizSolis: ~ Rekomendasi film pendek di YouTube ~   Siapa tahu ada yang butuh tontonan biar nggak jenuh &amp; stres selama PPKM darurat, i‚Ä¶"
1.47E+18,positive,Sat Dec 04 08:33:22 +0000 2021,19,PPKM dan vaksinasi adalah cara terbaik mencegah gelombang ketiga pandemi covid-19  varian Omicron. PPKM adalah salah satu cara untuk melindungi keselamatan masyarakat dari covid-19 varian Omicron. @jokowi Lawan Pandemi https://t.co/TYpCUhFCzv
1.47E+18,positive,Sat Dec 04 08:36:44 +0000 2021,0,@Bareti0 Dukung PPKM karena sudah tepat üëçüëç
1.47E+18,positive,Sat Dec 04 08:39:02 +0000 2021,18,"Menko PMK Muhadjir Effendy menyebutkan PPKM level 3 akan diberlakukan mulai tanggal 24 Desember 2021 - 2 Januari 2022 saat liburan Nataru, di seluruh wilayah Indonesia.  Kita dukung dan sukseskan yukss untuk mencegah gelombang tiga covid varian omicron. https://t.co/MtBCLKbgJM"
1.47E+18,positive,Sat Dec 04 08:42:19 +0000 2021,0,@SakiinaQhiCO_33 Yukk dukung PPKM serentak dan tetap PROKES
1.47E+18,positive,Sat Dec 04 08:43:40 +0000 2021,18,"Upaya Pemerintah lewat PPKM dalam menekan lonjakan kasus covid gelombang dua kemarin terbukti berhasil. Lusa kita dukung kembali penerapan PPKM level 3 saat Nataru, dengan TAAT PROKES dan Mensukseskan Vaksinasi Nasional, biar gelombang tiga covid bisa dicegah . https://t.co/dnObQws46t"
1.47E+18,positive,Sat Dec 04 08:46:48 +0000 2021,19,Kita harus mendukung penuh upaya pemerintah dalam penanganan Pandemi Covid-19 dengan menerapkan PPKM level 3.  Jangan kasih kendor agar seluruh masyarakat untuk segera melakukan vaksinasi demi terwujudnya herd imunity secara Nasional. https://t.co/T7Y8yqw4Xv
1.47E+18,positive,Sat Dec 04 08:46:59 +0000 2021,0,@Penyair_Berdiri @ariestarico2 Yukk dukung PPKM
1.47E+18,positive,Sat Dec 04 08:46:59 +0000 2021,19,RT @forjakeu: Kita harus mendukung penuh upaya pemerintah dalam penanganan Pandemi Covid-19 dengan menerapkan PPKM level 3.  Jangan kasih k‚Ä¶
1.47E+18,positive,Sat Dec 04 08:47:42 +0000 2021,0,@homwrxcker Dukung PPKM
1.47E+18,positive,Sat Dec 04 08:48:37 +0000 2021,19,RT @forjakeu: Kita harus mendukung penuh upaya pemerintah dalam penanganan Pandemi Covid-19 dengan menerapkan PPKM level 3.  Jangan kasih k‚Ä¶
1.47E+18,positive,Sat Dec 04 08:48:52 +0000 2021,19,RT @forjakeu: Kita harus mendukung penuh upaya pemerintah dalam penanganan Pandemi Covid-19 dengan menerapkan PPKM level 3.  Jangan kasih k‚Ä¶
1.47E+18,positive,Sat Dec 04 08:50:00 +0000 2021,0,@SakiinaQhiCO_33 Mari kita dukung PPKM karena terbukti efektif
1.47E+18,positive,Sat Dec 04 08:50:43 +0000 2021,0,@Bareti0 Harus dukung dong PPKM
1.47E+18,positive,Sat Dec 04 08:51:15 +0000 2021,0,@SakiinaQhiCO_33 Dukung PPKM level 3
1.47E+18,positive,Sat Dec 04 08:51:16 +0000 2021,0,"@Rianti_Putri28 Terbukti dengan PPKM, Covid terkendali, Dukung PPKM"
1.47E+18,positive,Sat Dec 04 08:55:41 +0000 2021,19,RT @forjakeu: Kita harus mendukung penuh upaya pemerintah dalam penanganan Pandemi Covid-19 dengan menerapkan PPKM level 3.  Jangan kasih k‚Ä¶
1.47E+18,positive,Sat Dec 04 08:56:50 +0000 2021,0,@Bareti0 Dukung PPKM level 3
1.47E+18,positive,Sat Dec 04 08:56:52 +0000 2021,19,RT @forjakeu: Kita harus mendukung penuh upaya pemerintah dalam penanganan Pandemi Covid-19 dengan menerapkan PPKM level 3.  Jangan kasih k‚Ä¶
1.47E+18,positive,Sat Dec 04 08:57:01 +0000 2021,0,@forjakeu Dukung PPKM
1.47E+18,positive,Sat Dec 04 09:02:09 +0000 2021,0,@Anggita_lung @jokowi Dukung PPKM level 3
1.47E+18,positive,Sat Dec 04 09:03:16 +0000 2021,0,@Anggita_lung @jokowi Dukung PPKM level 3
1.47E+18,positive,Sat Dec 04 09:11:03 +0000 2021,0,@ariestarico2 Dukung PPKM level 3
1.47E+18,positive,Sat Dec 04 09:15:06 +0000 2021,19,RT @forjakeu: Kita harus mendukung penuh upaya pemerintah dalam penanganan Pandemi Covid-19 dengan menerapkan PPKM level 3.  Jangan kasih k‚Ä¶
1.47E+18,positive,Sat Dec 04 09:15:11 +0000 2021,0,@forjakeu Dukung PPKM level 3
1.47E+18,positive,Sat Dec 04 09:17:21 +0000 2021,0,@zafran_gema Dukung perpanjangan PPKM level 3
1.47E+18,positive,Sat Dec 04 09:20:32 +0000 2021,0,@Anggita_lung @jokowi Dukung PPKM
1.47E+18,positive,Sat Dec 04 09:23:11 +0000 2021,0,@Penyair_Berdiri Dukung PPKM
1.47E+18,positive,Sat Dec 04 09:23:24 +0000 2021,19,RT @forjakeu: Kita harus mendukung penuh upaya pemerintah dalam penanganan Pandemi Covid-19 dengan menerapkan PPKM level 3.  Jangan kasih k‚Ä¶
1.47E+18,positive,Sat Dec 04 09:29:44 +0000 2021,0,@chinta_chintata Dukung PPKM level 3
1.47E+18,positive,Sat Dec 04 09:35:46 +0000 2021,0,@p4rwaty_rizky Dukung PPKM level 3
1.47E+18,positive,Sat Dec 04 09:40:17 +0000 2021,0,@Widyarenee_ Dukung PPKM level 3
1.47E+18,positive,Sat Dec 04 09:44:30 +0000 2021,19,RT @forjakeu: Kita harus mendukung penuh upaya pemerintah dalam penanganan Pandemi Covid-19 dengan menerapkan PPKM level 3.  Jangan kasih k‚Ä¶
1.47E+18,positive,Sat Dec 04 09:45:15 +0000 2021,0,@p4rwaty_rizky Dukung PPKM level 3 üí™üí™
1.47E+18,positive,Sat Dec 04 09:46:43 +0000 2021,21,Bersatu Lawan Covid!!!  Penerapan aturan PPKM Level 3 menjadi kebijakan tepat untuk menghalau Lonjakan Cov19.  Dukung!!! https://t.co/77DAZf3MqG
1.47E+18,positive,Sat Dec 04 09:48:20 +0000 2021,19,RT @forjakeu: Kita harus mendukung penuh upaya pemerintah dalam penanganan Pandemi Covid-19 dengan menerapkan PPKM level 3.  Jangan kasih k‚Ä¶
1.47E+18,positive,Sat Dec 04 09:49:26 +0000 2021,21,RT @Separoh_Kumis: Bersatu Lawan Covid!!!  Penerapan aturan PPKM Level 3 menjadi kebijakan tepat untuk menghalau Lonjakan Cov19.  Dukung!!!‚Ä¶
1.47E+18,positive,Sat Dec 04 09:50:40 +0000 2021,21,RT @Separoh_Kumis: Bersatu Lawan Covid!!!  Penerapan aturan PPKM Level 3 menjadi kebijakan tepat untuk menghalau Lonjakan Cov19.  Dukung!!!‚Ä¶
1.47E+18,positive,Sat Dec 04 09:52:21 +0000 2021,21,RT @Separoh_Kumis: Bersatu Lawan Covid!!!  Penerapan aturan PPKM Level 3 menjadi kebijakan tepat untuk menghalau Lonjakan Cov19.  Dukung!!!‚Ä¶
1.47E+18,negative,Sat Dec 04 09:52:25 +0000 2021,0,"jujur gue masih kesel masa orang natalan masuk sekolah sih?? gada hati jir, seengganya kalo emg mau mencegah penyebaran ya ppkm tapi liburlah jgn malah ga liburüò´ ga adil dong...."
1.47E+18,positive,Sat Dec 04 09:53:00 +0000 2021,21,RT @Separoh_Kumis: Bersatu Lawan Covid!!!  Penerapan aturan PPKM Level 3 menjadi kebijakan tepat untuk menghalau Lonjakan Cov19.  Dukung!!!‚Ä¶
1.47E+18,positive,Sat Dec 04 09:54:33 +0000 2021,0,@Separoh_Kumis Dukung PPKM
1.47E+18,positive,Sat Dec 04 09:54:56 +0000 2021,21,RT @Separoh_Kumis: Bersatu Lawan Covid!!!  Penerapan aturan PPKM Level 3 menjadi kebijakan tepat untuk menghalau Lonjakan Cov19.  Dukung!!!‚Ä¶
1.47E+18,positive,Sat Dec 04 09:56:14 +0000 2021,21,RT @Separoh_Kumis: Bersatu Lawan Covid!!!  Penerapan aturan PPKM Level 3 menjadi kebijakan tepat untuk menghalau Lonjakan Cov19.  Dukung!!!‚Ä¶
1.47E+18,positive,Sat Dec 04 09:57:42 +0000 2021,21,RT @Separoh_Kumis: Bersatu Lawan Covid!!!  Penerapan aturan PPKM Level 3 menjadi kebijakan tepat untuk menghalau Lonjakan Cov19.  Dukung!!!‚Ä¶
1.47E+18,positive,Sat Dec 04 10:00:52 +0000 2021,0,@Separoh_Kumis Dukung PPKM level 3
1.47E+18,positive,Sat Dec 04 10:01:47 +0000 2021,21,RT @Separoh_Kumis: Bersatu Lawan Covid!!!  Penerapan aturan PPKM Level 3 menjadi kebijakan tepat untuk menghalau Lonjakan Cov19.  Dukung!!!‚Ä¶
1.47E+18,positive,Sat Dec 04 10:02:15 +0000 2021,21,RT @Separoh_Kumis: Bersatu Lawan Covid!!!  Penerapan aturan PPKM Level 3 menjadi kebijakan tepat untuk menghalau Lonjakan Cov19.  Dukung!!!‚Ä¶
1.47E+18,positive,Sat Dec 04 10:02:49 +0000 2021,21,RT @Separoh_Kumis: Bersatu Lawan Covid!!!  Penerapan aturan PPKM Level 3 menjadi kebijakan tepat untuk menghalau Lonjakan Cov19.  Dukung!!!‚Ä¶
1.47E+18,positive,Sat Dec 04 10:06:36 +0000 2021,21,RT @Separoh_Kumis: Bersatu Lawan Covid!!!  Penerapan aturan PPKM Level 3 menjadi kebijakan tepat untuk menghalau Lonjakan Cov19.  Dukung!!!‚Ä¶
1.47E+18,positive,Sat Dec 04 10:07:05 +0000 2021,21,RT @Separoh_Kumis: Bersatu Lawan Covid!!!  Penerapan aturan PPKM Level 3 menjadi kebijakan tepat untuk menghalau Lonjakan Cov19.  Dukung!!!‚Ä¶
1.47E+18,positive,Sat Dec 04 10:07:38 +0000 2021,21,RT @Separoh_Kumis: Bersatu Lawan Covid!!!  Penerapan aturan PPKM Level 3 menjadi kebijakan tepat untuk menghalau Lonjakan Cov19.  Dukung!!!‚Ä¶
1.47E+18,negative,Sat Dec 04 10:09:37 +0000 2021,0,"@wonyoungjakbar @ankylosaurse ya ada bagusnya si gak deket"" , lagi ppkm kak"
1.47E+18,positive,Sat Dec 04 10:10:06 +0000 2021,21,RT @Separoh_Kumis: Bersatu Lawan Covid!!!  Penerapan aturan PPKM Level 3 menjadi kebijakan tepat untuk menghalau Lonjakan Cov19.  Dukung!!!‚Ä¶
1.47E+18,negative,Sat Dec 04 10:11:41 +0000 2021,0,@bagusnprmna @nuicemedia setahu saya pendakian masih tutup sejak ppkm kemarin
1.47E+18,positive,Sat Dec 04 10:12:02 +0000 2021,0,@p4rwaty_rizky Dukung PPKM
1.47E+18,positive,Sat Dec 04 10:13:01 +0000 2021,19,RT @forjakeu: Kita harus mendukung penuh upaya pemerintah dalam penanganan Pandemi Covid-19 dengan menerapkan PPKM level 3.  Jangan kasih k‚Ä¶
1.47E+18,positive,Sat Dec 04 10:21:56 +0000 2021,19,RT @forjakeu: Kita harus mendukung penuh upaya pemerintah dalam penanganan Pandemi Covid-19 dengan menerapkan PPKM level 3.  Jangan kasih k‚Ä¶
1.47E+18,positive,Sat Dec 04 10:49:05 +0000 2021,19,RT @forjakeu: Kita harus mendukung penuh upaya pemerintah dalam penanganan Pandemi Covid-19 dengan menerapkan PPKM level 3.  Jangan kasih k‚Ä¶
1.47E+18,positive,Sat Dec 04 11:00:44 +0000 2021,21,RT @Separoh_Kumis: Bersatu Lawan Covid!!!  Penerapan aturan PPKM Level 3 menjadi kebijakan tepat untuk menghalau Lonjakan Cov19.  Dukung!!!‚Ä¶
1.47E+18,positive,Sat Dec 04 11:22:08 +0000 2021,21,RT @Separoh_Kumis: Bersatu Lawan Covid!!!  Penerapan aturan PPKM Level 3 menjadi kebijakan tepat untuk menghalau Lonjakan Cov19.  Dukung!!!‚Ä¶
1.47E+18,positive,Sat Dec 04 11:54:37 +0000 2021,21,RT @Separoh_Kumis: Bersatu Lawan Covid!!!  Penerapan aturan PPKM Level 3 menjadi kebijakan tepat untuk menghalau Lonjakan Cov19.  Dukung!!!‚Ä¶
1.47E+18,positive,Sat Dec 04 11:59:04 +0000 2021,19,RT @forjakeu: Kita harus mendukung penuh upaya pemerintah dalam penanganan Pandemi Covid-19 dengan menerapkan PPKM level 3.  Jangan kasih k‚Ä¶
1.47E+18,negative,Sat Dec 04 12:15:26 +0000 2021,0,Pemerintah mo kasih saran dong kalo mau ppkm nggausah di umumin jauh hari soalnya jadi sama aja pada meliburkan diri sebelum ppkm kan sama aja ya nggak ? Liburannya sebelum ppkm :(((((
1.47E+18,positive,Sat Dec 04 12:44:10 +0000 2021,0,@kamubiruu bagus patuhi ppkm ya
1.47E+18,positive,Sat Dec 04 12:58:18 +0000 2021,19,RT @forjakeu: Kita harus mendukung penuh upaya pemerintah dalam penanganan Pandemi Covid-19 dengan menerapkan PPKM level 3.  Jangan kasih k‚Ä¶
1.47E+18,positive,Sat Dec 04 13:13:20 +0000 2021,0,Mari dukung PPKM level 3 dan Vaksinasi untuk segera mencapai Herd Immunity https://t.co/tVAA2PQcKr
1.47E+18,positive,Sat Dec 04 13:28:50 +0000 2021,0,@forjakeu Dukung PPKM demi keselamatan bersama.
1.47E+18,negative,Sat Dec 04 13:35:31 +0000 2021,0,@IndoCringe_ Ppkm lvl 3 tolol
1.47E+18,negative,Sat Dec 04 15:09:24 +0000 2021,0,@jsmaulida @alexjourneyID Bener2 grgr ppkm akhir tahunü•≤ Mana cuaca lagi bagus2nya juga dsana Je
1.47E+18,positive,Sat Dec 04 23:27:38 +0000 2021,0,Hindari PPKM dan Maksimalkan Persiapan Panitia Muktamar 34 Dukung Pelaksanaan Mundur Ke Januari #GusYahyaAntekZionis #BahayaLatenAsing #NUAntiYahudi #TolakOligarkiNU #TolakCalonHMI #TolakAntekAsing https://t.co/W2ElKCFUGT
1.47E+18,positive,Sun Dec 05 00:59:55 +0000 2021,18,MARI KITA IKUT MENDUKUNG KEBIJAKAN PPKM LEVEL 3 DAN VAKSINASI UNTUK MENCEGAH LONJAKAN GELOMBANG KETIGA SAAT NATAL DAN TAHUN BARU....  KEBIJAKAN PPKM LEVEL TIGA UTK MEMINIMALISIR TERJADINYA LONJAKAN COPID-19... https://t.co/77NloKpbfp
1.47E+18,positive,Sun Dec 05 00:59:57 +0000 2021,18,MENDUKUNG PPKM LEVEL TIGA SERTA MENDORONG UNTUK SUKSESNYA VAKSINASI DEMI TERWUJUDNYA DENGAN SEGERA HERD IMMUNITY...  OPTIMIS INDONESIA TERHINDAR DARI GELOMBANG KETIGA DAN VARIAN BARU OMICRON...  INGAT TETAP DISIPLIN PROKES üìåüìå https://t.co/JUxxIPNlwt
1.47E+18,positive,Sun Dec 05 01:00:39 +0000 2021,18,Cara terbaik mencegah covid-19 gelombang ketiga dari penyebaran varian baru Omicron adalah dengan mempercepat vaksinasi dan mendukung PPKM level 3 untuk melindungi masyarakat. Dan membentuk HERD IMMUNITY. @jokowi Lawan Pandemi https://t.co/LaMj044B4H
1.47E+18,positive,Sun Dec 05 01:02:54 +0000 2021,18,Kita harus mendukung penuh upaya pemerintah dalam penanganan Pandemi Covid-19 dengan menerapkan PPKM level 3.  Jangan kasih kendor agar seluruh masyarakat untuk segera melakukan vaksinasi demi terwujudnya herd imunity secara Nasional. https://t.co/mG8O9YWAdg
1.47E+18,positive,Sun Dec 05 01:02:54 +0000 2021,18,RT @SakiinaQhiCO_33: MARI KITA IKUT MENDUKUNG KEBIJAKAN PPKM LEVEL 3 DAN VAKSINASI UNTUK MENCEGAH LONJAKAN GELOMBANG KETIGA SAAT NATAL DAN‚Ä¶
1.47E+18,positive,Sun Dec 05 01:02:59 +0000 2021,18,RT @SakiinaQhiCO_33: MENDUKUNG PPKM LEVEL TIGA SERTA MENDORONG UNTUK SUKSESNYA VAKSINASI DEMI TERWUJUDNYA DENGAN SEGERA HERD IMMUNITY...  O‚Ä¶
1.47E+18,positive,Sun Dec 05 01:05:11 +0000 2021,0,@Bareti0 Dukung PPKM dan tetap prokes
1.47E+18,positive,Sun Dec 05 01:06:03 +0000 2021,20,"Menjelang Hari Raya Natal 2021 dan Tahun Baru 2022, pemerintah akan melaksanakan pemberlakukan kegiatan masyarakat (PPKM) Tingkat 3 di seluruh wilayah Indonesia.kita dukung dan sukseskan PPKM level 3 https://t.co/gJifdeIK8r"
1.47E+18,positive,Sun Dec 05 01:06:52 +0000 2021,0,@Bareti0 PPKM adalah bukti nyata keseriusan pemerintah menjaga keselamatan masyarakat Indonesia
1.47E+18,positive,Sun Dec 05 01:07:03 +0000 2021,17,"Dengan semangat tangkal gelombang 3 Covid19 dlm libur akhir tahun, kita dukung penetapan PPKM level 3.  Apapun, kebijakan PPKM sudah terbukti merupakan kebijakan yg tepat &amp; berkontribusi banyak dalam penanganan melawan pandemi Kovid19 ini. https://t.co/RX9Gonw8fj"
1.47E+18,positive,Sun Dec 05 01:11:06 +0000 2021,18,RT @forjakeu: Kita harus mendukung penuh upaya pemerintah dalam penanganan Pandemi Covid-19 dengan menerapkan PPKM level 3.  Jangan kasih k‚Ä¶
1.47E+18,positive,Sun Dec 05 01:11:42 +0000 2021,0,@Anggita_lung @jokowi Dukung PPKM
1.47E+18,positive,Sun Dec 05 01:12:00 +0000 2021,18,RT @forjakeu: Kita harus mendukung penuh upaya pemerintah dalam penanganan Pandemi Covid-19 dengan menerapkan PPKM level 3.  Jangan kasih k‚Ä¶
1.47E+18,positive,Sun Dec 05 01:12:22 +0000 2021,0,@Bareti0 Dukung ppkm
1.47E+18,positive,Sun Dec 05 01:14:39 +0000 2021,18,RT @forjakeu: Kita harus mendukung penuh upaya pemerintah dalam penanganan Pandemi Covid-19 dengan menerapkan PPKM level 3.  Jangan kasih k‚Ä¶
1.47E+18,positive,Sun Dec 05 01:14:47 +0000 2021,0,@forjakeu Dukung PPKM
1.47E+18,positive,Sun Dec 05 01:15:10 +0000 2021,17,"RT @Widyarenee_: Dengan semangat tangkal gelombang 3 Covid19 dlm libur akhir tahun, kita dukung penetapan PPKM level 3.  Apapun, kebijakan‚Ä¶"
1.47E+18,positive,Sun Dec 05 01:15:48 +0000 2021,17,"RT @Widyarenee_: Dengan semangat tangkal gelombang 3 Covid19 dlm libur akhir tahun, kita dukung penetapan PPKM level 3.  Apapun, kebijakan‚Ä¶"
1.47E+18,positive,Sun Dec 05 01:15:56 +0000 2021,17,"RT @Widyarenee_: Dengan semangat tangkal gelombang 3 Covid19 dlm libur akhir tahun, kita dukung penetapan PPKM level 3.  Apapun, kebijakan‚Ä¶"
1.47E+18,negative,Sun Dec 05 02:47:54 +0000 2021,12,"Omicron.  Tutup border, perketat perbatasan. Tingkatkan vaksinasi,  PPKM.  Teruslah kita dengan kebodohan ini,  smntr yg meningkat terus kemiskinan, pengangguran,  kelaparan.  Ngayal akan ada peningkatan kesehatan dengan ini semua? https://t.co/i8Pi0kn0nL"
1.47E+18,negative,Sun Dec 05 04:57:30 +0000 2021,12,"RT @MommaBear0716: Omicron.  Tutup border, perketat perbatasan. Tingkatkan vaksinasi,  PPKM.  Teruslah kita dengan kebodohan ini,  smntr yg‚Ä¶"
1.47E+18,negative,Sun Dec 05 07:46:21 +0000 2021,0,"@fatimahazahrra_ Kesel prend tahun baru ppkm, psbb"
1.47E+18,negative,Sun Dec 05 07:47:57 +0000 2021,1,"RT @raspi20772240: Saat mengkritik cuma kulit2nya aja, nggak sampai dalam, krn disetting nggak boleh nyenggol ""daleman"". Dalam bbrp hal mal‚Ä¶"
1.47E+18,negative,Sun Dec 05 07:57:22 +0000 2021,0,PERPANJANGAN KEBIJAKAN PPKM  Mayoritas kurang/tidak setuju sama sekali apabila PPKM diperpanjang masa berlakunya. https://t.co/G8w8dJSNs1
1.47E+18,negative,Sun Dec 05 08:12:55 +0000 2021,12,"RT @MommaBear0716: Omicron.  Tutup border, perketat perbatasan. Tingkatkan vaksinasi,  PPKM.  Teruslah kita dengan kebodohan ini,  smntr yg‚Ä¶"
1.47E+18,negative,Sun Dec 05 08:17:04 +0000 2021,12,"RT @MommaBear0716: Omicron.  Tutup border, perketat perbatasan. Tingkatkan vaksinasi,  PPKM.  Teruslah kita dengan kebodohan ini,  smntr yg‚Ä¶"
1.47E+18,negative,Sun Dec 05 08:46:16 +0000 2021,0,Ortu gue klo gw dpt nilai yg gak sesuai ekspetasi mereka ya pasti nyalahin hp pdhl Sekolah skrg pake hp di tambah ppkm jdi kurangnya pembahasan materi makin lah gue bodoh
1.47E+18,negative,Sun Dec 05 10:07:45 +0000 2021,0,"GILA. AKU TUH SETIAP MINGGU IS ALWAYS SIBUK.   Nanti natalan jadi ppkm ga yah? Semoga jadi deh, seriously aku ga Punya energi buat pergi ke Semarang üòÉ ke Solo aja dah,"
1.47E+18,negative,Sun Dec 05 10:13:52 +0000 2021,12,"RT @MommaBear0716: Omicron.  Tutup border, perketat perbatasan. Tingkatkan vaksinasi,  PPKM.  Teruslah kita dengan kebodohan ini,  smntr yg‚Ä¶"
1.47E+18,negative,Sun Dec 05 10:35:03 +0000 2021,12,"RT @MommaBear0716: Omicron.  Tutup border, perketat perbatasan. Tingkatkan vaksinasi,  PPKM.  Teruslah kita dengan kebodohan ini,  smntr yg‚Ä¶"
1.47E+18,negative,Sun Dec 05 10:49:01 +0000 2021,12,"RT @MommaBear0716: Omicron.  Tutup border, perketat perbatasan. Tingkatkan vaksinasi,  PPKM.  Teruslah kita dengan kebodohan ini,  smntr yg‚Ä¶"
1.47E+18,negative,Sun Dec 05 10:59:03 +0000 2021,1,"Sebanyak 64,5% mengaku masyarakat tak setuju apabila PPKM terus diperpanjang. #kumparanNEWS https://t.co/vza3nIje3G"
1.47E+18,negative,Sun Dec 05 11:04:48 +0000 2021,12,"RT @MommaBear0716: Omicron.  Tutup border, perketat perbatasan. Tingkatkan vaksinasi,  PPKM.  Teruslah kita dengan kebodohan ini,  smntr yg‚Ä¶"
1.47E+18,negative,Sun Dec 05 11:08:59 +0000 2021,1,"RT @kumparan: Sebanyak 64,5% mengaku masyarakat tak setuju apabila PPKM terus diperpanjang. #kumparanNEWS https://t.co/vza3nIje3G"
1.47E+18,negative,Sun Dec 05 11:42:39 +0000 2021,0,"Gila, rest area penuh semua. Efek akan terjadinya ppkm.  Selalu berhati-hati ya bagi kalian yg mau bepergian. Selalu baca doa dan waspada. Kalau cape istirahat. Jangan maksain. Keluar juga kalau ada kebutuhan aja kalau bisa.  Sekedar saran"
1.47E+18,negative,Sun Dec 05 14:24:37 +0000 2021,12,"RT @MommaBear0716: Omicron.  Tutup border, perketat perbatasan. Tingkatkan vaksinasi,  PPKM.  Teruslah kita dengan kebodohan ini,  smntr yg‚Ä¶"
1.47E+18,negative,Sun Dec 05 14:43:35 +0000 2021,0,@eveyourbae Ppkm tolol huuft
1.47E+18,negative,Sun Dec 05 14:53:42 +0000 2021,12,"RT @MommaBear0716: Omicron.  Tutup border, perketat perbatasan. Tingkatkan vaksinasi,  PPKM.  Teruslah kita dengan kebodohan ini,  smntr yg‚Ä¶"
1.47E+18,negative,Sun Dec 05 18:08:19 +0000 2021,0,"Koyok e corona wes gak ono, andang meh ppkm neh. Pemerintah ra seneng po ya ndelok wong bakul kelarisan üò©"
1.47E+18,negative,Sun Dec 05 23:22:54 +0000 2021,0,"Sebanyak 29,3 persen responden tidak setuju sama sekali dan 35,0 persen kurang setuju terhadap perpanjangan kebijakan tersebut.  #ppkm #covid19 #corona #radiopurwokerto #purwokerto #purwokertohitz #purwokertohits #purwokertokekinian #radio https://t.co/EyLYllHtDl"
1.47E+18,negative,Mon Dec 06 01:09:16 +0000 2021,0,jog kalau akhir tahun mau ke jogja masih bisa nggak ya? sender mau kesana tapi takut ada ppkm
1.47E+18,negative,Mon Dec 06 05:12:49 +0000 2021,0,@kyuzsn ppkm diketatin nggak enak nggak bisa kemana mana üò≠üò≠
1.47E+18,negative,Mon Dec 06 05:55:57 +0000 2021,0,"@lilaclove0 @ShopeeID Insyaallah ya + nggak PPKM ya,, mogaa ü§îü§îü§î"
1.47E+18,negative,Mon Dec 06 08:48:03 +0000 2021,0,Tanggapan Pemerintah Terkait Masyarakat yang Tak Setuju PPKM¬†Diperpanjang https://t.co/2Et1trdGCb
1.47E+18,negative,Mon Dec 06 09:40:47 +0000 2021,0,"@j_onelover SUMPAH KAK ASLI INIMAH JAHAT BGT, INIMAH NAMANYA PEMBUNUHAN BERENCANA üò≠üò≠üò≠ SEENGGAKNYA KLO EMG PPKM YAUDA GTU YG SEKOLA TETEP LIBUR üò≠üò≠üò≠ KNAPA TETEP SEKOLAH DI AKHIR TAHUN???!?? ANEH BGTT üò≠üò≠üò≠üò≠üò≠"
1.47E+18,negative,Mon Dec 06 09:51:09 +0000 2021,0,Enggak PPKM aja jualan masih susah üò•
1.47E+18,negative,Mon Dec 06 11:53:32 +0000 2021,1,"Survei Indikator 5 Desember 2021 lalu mengungkap publik tidak setuju dengan perpanjangan PPKM. Ini respon Stafsus Menteri Sekretariat Negara Bidang Komunikasi dan Media, Faldo Maldini.  https://t.co/W2ZbiJy20a"
1.47E+18,negative,Mon Dec 06 11:55:59 +0000 2021,1,@amandagempita Ya... mungkin bbrp tdk setuju dg ppkm lvl.3 Nas ...Tapi sepertinya ada pihak¬≤ yg sll coba provokasi dg kalimat¬≤ 'ngamban' bikin msyrkt jd bingung
1.47E+18,negative,Mon Dec 06 12:04:29 +0000 2021,1,RT @LaRam_Jer: @amandagempita Ya... mungkin bbrp tdk setuju dg ppkm lvl.3 Nas ...Tapi sepertinya ada pihak¬≤ yg sll coba provokasi dg kalima‚Ä¶
1.47E+18,negative,Mon Dec 06 12:07:05 +0000 2021,12,"RT @MommaBear0716: Omicron.  Tutup border, perketat perbatasan. Tingkatkan vaksinasi,  PPKM.  Teruslah kita dengan kebodohan ini,  smntr yg‚Ä¶"
1.47E+18,negative,Mon Dec 06 12:08:25 +0000 2021,1,RT @detikcom: Survei Indikator 5 Desember 2021 lalu mengungkap publik tidak setuju dengan perpanjangan PPKM. Ini respon Stafsus Menteri Sek‚Ä¶
1.47E+18,negative,Mon Dec 06 14:25:39 +0000 2021,0,Jatah cutinya 4 tapi ga boleh cuti 4 hari berturut-turut harus diambil satu persatu. Katanya ada ppkm jadi liburnya dikurangi biar nggak bepergian. Jadi ini Ppkm apa eksploitasi pekerja?
1.47E+18,negative,Mon Dec 06 15:41:32 +0000 2021,0,"Hasil Survei Indikator Politik soal Publik Tak Setuju PPKM, Ini Kata Stafsus Mensesneg https://t.co/nWyDpljjcW"
1.47E+18,negative,Mon Dec 06 17:22:02 +0000 2021,2,Indikator Politik Indonesia merilis survei soal warga yang tidak setuju PPKM diperpanjang meskipun bisa menurunkan kasus harian COVID-19. Ini kata Istana. https://t.co/v7o7s6zmpk
1.47E+18,negative,Mon Dec 06 17:22:42 +0000 2021,2,RT @detikcom: Indikator Politik Indonesia merilis survei soal warga yang tidak setuju PPKM diperpanjang meskipun bisa menurunkan kasus hari‚Ä¶
1.47E+18,negative,Mon Dec 06 17:33:06 +0000 2021,2,RT @detikcom: Indikator Politik Indonesia merilis survei soal warga yang tidak setuju PPKM diperpanjang meskipun bisa menurunkan kasus hari‚Ä¶
1.47E+18,negative,Mon Dec 06 23:58:18 +0000 2021,0,Boleh wisata tapi nggak boleh cuti üò≠ https://t.co/LTNAQNnuop
1.47E+18,negative,Tue Dec 07 00:20:04 +0000 2021,0,@CNNIndonesia @TintinSetiadi04 Sangat setuju sudah jenuh dengar ppkm
1.47E+18,negative,Tue Dec 07 01:16:04 +0000 2021,0,#PPKM nggak ya? Ragu ITU manusiawi tapi peragu problem krisis percaya diri.   #indonesian
1.47E+18,negative,Tue Dec 07 01:23:42 +0000 2021,0,"@RieGucciano Setuju Uni, mereka mau berlakukan PPKM level 3 kek level 4 kek di nataru nanti EGP aja!!"
1.47E+18,negative,Tue Dec 07 01:32:05 +0000 2021,0,"Batal PPKM lvl 3, banyak yg senang https://t.co/XFCMtaGdN6"
1.47E+18,negative,Tue Dec 07 01:48:23 +0000 2021,0,@giyuwiii bilangin ke doi nataru diberlakukan ppkm gitu biar nggak holideiiii
1.47E+18,negative,Tue Dec 07 01:49:18 +0000 2021,1,"@tvOneNews Nggak ada pemasukan gede dari Pajak kalau di berlakukan PPKM tersebut, Kas Jeng Bond kritis , Apalagi yang mau libur Natal ke kampung, LN, potensi duitnya gede...."
1.47E+18,negative,Tue Dec 07 02:09:29 +0000 2021,0,@tvOneNews iya lah..kl ppkm luhut kan nggak bs kemn2..ntar kl lebaran umat islam..dia tinggal terapkan ppkm..pres wapres wantimpres menteri2 yg islam..mingkem aj tuh..üòÅüòÅ
1.47E+18,negative,Tue Dec 07 02:16:26 +0000 2021,0,PPKM Level 1 Non Jawa-Bali: Nongkrong Enggak Bebas-bebas Amat https://t.co/DfFQwoYD0W
1.47E+18,negative,Tue Dec 07 02:18:08 +0000 2021,0,"Udah begini mah nggak ngaruh mau PPKM, mau nggak. Biarin gue istirahat aja sepulang kerja. https://t.co/zzFFhJ8wBO"
1.47E+18,negative,Tue Dec 07 02:46:10 +0000 2021,0,@kang_ukki Eh PPKM 3 deh‚Ä¶ eh perlu nggak ya? Eh tapi ngeri‚Ä¶ ih tapi kan sekarang udah nggak separah kemaren‚Ä¶ iya nggak ya? Eh iya deh‚Ä¶ eh jangan deh nggak usah‚Ä¶ *decision making processs untuk seorang Gemini
1.47E+18,negative,Tue Dec 07 02:50:52 +0000 2021,1,"RT @TerongU72356816: @tvOneNews Nggak ada pemasukan gede dari Pajak kalau di berlakukan PPKM tersebut, Kas Jeng Bond kritis , Apalagi yang‚Ä¶"
1.47E+18,negative,Tue Dec 07 02:55:56 +0000 2021,0,@Stevaniehuangg Lawong hari besar lord juga natal masa mau dibatasi dengan PPKM ya ga lah !
1.47E+18,negative,Tue Dec 07 02:56:00 +0000 2021,1,RT @888_Ops: Kenapa PPKM hanya berlaku ketika menjelang hari besar keagamaan Umat Islam ? Nataru gak berlaku ? https://t.co/jGCLZgwYGO
1.47E+18,negative,Tue Dec 07 02:56:19 +0000 2021,156,"RT @arinafauzia: @schfess Kalo emang mau mencegah mobilitas anak-anak pas libur natal &amp; tahun baru, mending bukan liburnya yg ditunda/dihap‚Ä¶"
1.47E+18,negative,Tue Dec 07 02:56:25 +0000 2021,156,"RT @arinafauzia: @schfess Kalo emang mau mencegah mobilitas anak-anak pas libur natal &amp; tahun baru, mending bukan liburnya yg ditunda/dihap‚Ä¶"
1.47E+18,negative,Tue Dec 07 02:56:25 +0000 2021,2,"RT @MafiaWasit: Kalau PPKM batal, kenapa SSB Real Madrid, Barca dan Atletico Madrid batal main di JIS? https://t.co/n0G66BCLoy"
1.47E+18,negative,Tue Dec 07 02:56:29 +0000 2021,0,yey ppkm di batalin
